Full WSL Path,Filename,Status,Normalized Title,Suggested Tags,Notes
/mnt/h/02Derby.pdf,02Derby.pdf,DUPLICATE,02derbypdf,,
/mnt/h/1610.00838v2.pdf,1610.00838v2.pdf,UNIQUE,161000838v2pdf,,
/mnt/h/1709.05424v2.pdf,1709.05424v2.pdf,DUPLICATE,170905424v2pdf,,
/mnt/h/20090731_lexique_photoshopcs4.pdf,20090731_lexique_photoshopcs4.pdf,DUPLICATE,20090731lexiquephotoshopcs4pdf,,
/mnt/h/2722_EVALUATIONANDMEASUREMENT...-04.2013-Spisanie-BMED.pdf,2722_EVALUATIONANDMEASUREMENT...-04.2013-Spisanie-BMED.pdf,DUPLICATE,2722evaluationandmeasurement042013spisaniebmedpdf,,
/mnt/h/4CRA-Hong.pdf,4CRA-Hong.pdf,DUPLICATE,4crahongpdf,,
/mnt/h/6+Tips+To+Start+Taking+Better.pdf,6+Tips+To+Start+Taking+Better.pdf,UNIQUE,6tipstostarttakingbetterpdf,,
/mnt/h/7800-9800-Glossy-Carbon-Variable-Tone.pdf,7800-9800-Glossy-Carbon-Variable-Tone.pdf,DUPLICATE,78009800glossycarbonvariabletonepdf,,
/mnt/h/7ICYsDXQYq4tEhAelQ1w_Camera_Settings_Made_Simple_by_Tim_Shields.pdf,7ICYsDXQYq4tEhAelQ1w_Camera_Settings_Made_Simple_by_Tim_Shields.pdf,UNIQUE,7icysdxqyq4tehaelq1wcamerasettingsmadesimplebytimshieldspdf,,
/mnt/h/ABWProfilePatches-master/Annexe_2_DAF_BORA_PHOTO_AIDE_IDENTIFICATION_V15.pdf,Annexe_2_DAF_BORA_PHOTO_AIDE_IDENTIFICATION_V15.pdf,UNIQUE,annexe2dafboraphotoaideidentificationv15pdf,,
/mnt/h/ABWProfilePatches-master/EngelkeOpticalBrightenersMovementandDegradationinPaperPoster.pdf,EngelkeOpticalBrightenersMovementandDegradationinPaperPoster.pdf,UNIQUE,engelkeopticalbrightenersmovementanddegradationinpaperposterpdf,,
/mnt/h/ACES Workflow Sample 081318.pdf,ACES Workflow Sample 081318.pdf,DUPLICATE,acesworkflowsample081318pdf,,
/mnt/h/ACR_and_Lightroom_Profile_SDK/Enhanced Profiles.pdf,Enhanced Profiles.pdf,UNIQUE,enhancedprofilespdf,,
/mnt/h/ARRI LogC4 Specification.pdf,ARRI LogC4 Specification.pdf,UNIQUE,arrilogc4specificationpdf,,
/mnt/h/A_Review_of_an_Old_Dilemma_Demosaicking_First_or_D.pdf,A_Review_of_an_Old_Dilemma_Demosaicking_First_or_D.pdf,UNIQUE,areviewofanolddilemmademosaickingfirstordpdf,,
/mnt/h/Aces stuff/ACES DIT Quick Start Guide 081318.pdf,ACES DIT Quick Start Guide 081318.pdf,UNIQUE,acesditquickstartguide081318pdf,,
/mnt/h/Aces stuff/ACES DP Quick Start Guide 101519.pdf,ACES DP Quick Start Guide 101519.pdf,UNIQUE,acesdpquickstartguide101519pdf,,
/mnt/h/Aces stuff/ACES Overview Summary 081318.pdf,ACES Overview Summary 081318.pdf,UNIQUE,acesoverviewsummary081318pdf,,
/mnt/h/Aces stuff/ACES Primer_080718.pdf,ACES Primer_080718.pdf,UNIQUE,acesprimer080718pdf,,
/mnt/h/Aces stuff/ACES VFX Quick Start Guide 081318.pdf,ACES VFX Quick Start Guide 081318.pdf,UNIQUE,acesvfxquickstartguide081318pdf,,
/mnt/h/Aces stuff/ACES Workflow Sample 081318.pdf,ACES Workflow Sample 081318.pdf,DUPLICATE,acesworkflowsample081318pdf,,
/mnt/h/Alt Process/0006299.pdf,0006299.pdf,UNIQUE,0006299pdf,,
/mnt/h/Alt Process/digitalnegativesforsilvergelatindarkroomprintsv15.pdf,digitalnegativesforsilvergelatindarkroomprintsv15.pdf,UNIQUE,digitalnegativesforsilvergelatindarkroomprintsv15pdf,,
/mnt/h/Argyll D810  (2021 01 16).pdf,Argyll D810  (2021 01 16).pdf,UNIQUE,argylld81020210116pdf,,
/mnt/h/Argyll_V2.2.1/xml/doc/Mini-XML.pdf,Mini-XML.pdf,DUPLICATE,minixmlpdf,,
/mnt/h/Argyll_V2.2.1/zlib/zlib.3.pdf,zlib.3.pdf,DUPLICATE,zlib3pdf,,
/mnt/h/Argyll_V2.3.0/xml/doc/Mini-XML.pdf,Mini-XML.pdf,DUPLICATE,minixmlpdf,,
/mnt/h/Argyll_V2.3.0/zlib/zlib.3.pdf,zlib.3.pdf,DUPLICATE,zlib3pdf,,
/mnt/h/BW Artisan Pro X 2021/Documentation/End User License Agreement BW Artisan Pro X.pdf,End User License Agreement BW Artisan Pro X.pdf,DUPLICATE,enduserlicenseagreementbwartisanproxpdf,,
/mnt/h/BW Artisan Pro X 2022/Documentation/End User License Agreement BW Artisan Pro X.pdf,End User License Agreement BW Artisan Pro X.pdf,DUPLICATE,enduserlicenseagreementbwartisanproxpdf,,
/mnt/h/Brushes/Blake's Brilliant Blender Brushes/Blake's Brilliant Blender Brush Guide.pdf,Blake's Brilliant Blender Brush Guide.pdf,DUPLICATE,blakesbrilliantblenderbrushguidepdf,,
/mnt/h/Brushes/Blake's Brilliant Blender Brushes/READ ME first - Install Instructions.pdf,READ ME first - Install Instructions.pdf,DUPLICATE,readmefirstinstallinstructionspdf,,
/mnt/h/Brushes/Blake-Rudis-Free-Stuff/Blake's Brilliant Blender Brush Guide.pdf,Blake's Brilliant Blender Brush Guide.pdf,DUPLICATE,blakesbrilliantblenderbrushguidepdf,,
/mnt/h/Brushes/Blake-Rudis-Free-Stuff/Brillant Brushes/Blake's Brilliant Blender Brush Guide.pdf,Blake's Brilliant Blender Brush Guide.pdf,DUPLICATE,blakesbrilliantblenderbrushguidepdf,,
/mnt/h/Brushes/Blake-Rudis-Free-Stuff/Brillant Brushes/READ ME first - Install Instructions.pdf,READ ME first - Install Instructions.pdf,DUPLICATE,readmefirstinstallinstructionspdf,,
/mnt/h/Brushes/Blake-Rudis-Free-Stuff/LUTS Profiles BEST Practices - Blake Rudis (2).pdf,LUTS Profiles BEST Practices - Blake Rudis (2).pdf,UNIQUE,lutsprofilesbestpracticesblakerudis2pdf,,
/mnt/h/Brushes/Blake-Rudis-Free-Stuff/READ ME first - Install Instructions.pdf,READ ME first - Install Instructions.pdf,DUPLICATE,readmefirstinstallinstructionspdf,,
/mnt/h/Brushes/Clouds & Weather Brushes Majestic Collection Installation Guide.pdf,Clouds & Weather Brushes Majestic Collection Installation Guide.pdf,UNIQUE,cloudsweatherbrushesmajesticcollectioninstallationguidepdf,,
/mnt/h/Brushes/Pixels/Clouds and Skies/How to Install Brushes in Photoshop.pdf,How to Install Brushes in Photoshop.pdf,DUPLICATE,howtoinstallbrushesinphotoshoppdf,,
/mnt/h/Brushes/Shark Brushes/SharkPixel Catchlight Brushes/Instruction Files/How to Install Brushes in Photoshop.pdf,How to Install Brushes in Photoshop.pdf,DUPLICATE,howtoinstallbrushesinphotoshoppdf,,
/mnt/h/Brushes/Shark Brushes/SharkPixel Eye Shadow Brushes/Instruction Files/How to Install Brushes in Photoshop.pdf,How to Install Brushes in Photoshop.pdf,DUPLICATE,howtoinstallbrushesinphotoshoppdf,,
/mnt/h/Brushes/Shark Brushes/SharkPixel Eyebrow Brushes/Instruction Files/How to Install Brushes in Photoshop.pdf,How to Install Brushes in Photoshop.pdf,DUPLICATE,howtoinstallbrushesinphotoshoppdf,,
/mnt/h/Brushes/Shark Brushes/SharkPixel Eyeliner Brushes/Instruction Files/How to Install Brushes in Photoshop.pdf,How to Install Brushes in Photoshop.pdf,DUPLICATE,howtoinstallbrushesinphotoshoppdf,,
/mnt/h/Brushes/Shark Brushes/SharkPixel Hair Brushes/Instruction Files/HairBrushes.pdf,HairBrushes.pdf,UNIQUE,hairbrushespdf,,
/mnt/h/Brushes/Shark Brushes/SharkPixel Hair Brushes/Instruction Files/How to Install Brushes in Photoshop.pdf,How to Install Brushes in Photoshop.pdf,DUPLICATE,howtoinstallbrushesinphotoshoppdf,,
/mnt/h/Brushes/Shark Brushes/SharkPixel Iris Brushes/Instruction Files/How to Install Brushes in Photoshop.pdf,How to Install Brushes in Photoshop.pdf,DUPLICATE,howtoinstallbrushesinphotoshoppdf,,
/mnt/h/Brushes/Shark Brushes/SharkPixel Iris Brushes/Instruction Files/IrisBrushes.pdf,IrisBrushes.pdf,UNIQUE,irisbrushespdf,,
/mnt/h/Brushes/Shark Brushes/SharkPixel Lash Brushes/Instruction Files/How to Install Brushes in Photoshop.pdf,How to Install Brushes in Photoshop.pdf,DUPLICATE,howtoinstallbrushesinphotoshoppdf,,
/mnt/h/Brushes/Shark Brushes/SharkPixel Lash Brushes/Instruction Files/LashBrushes.pdf,LashBrushes.pdf,UNIQUE,lashbrushespdf,,
/mnt/h/CONDITIONS MINI SOLOS 2024.pdf,CONDITIONS MINI SOLOS 2024.pdf,UNIQUE,conditionsminisolos2024pdf,,
/mnt/h/CONTRAT-DE-CESSION-DU-DROIT-A-LIMAGE.pdf,CONTRAT-DE-CESSION-DU-DROIT-A-LIMAGE.pdf,UNIQUE,contratdecessiondudroitalimagepdf,,
/mnt/h/CPPDH/Liste des dossiers par thème.pdf,Liste des dossiers par thème.pdf,UNIQUE,listedesdossiersparthemepdf,,
/mnt/h/CPPDH/Livre Photo ver2.pdf,Livre Photo ver2.pdf,DUPLICATE,livrephotover2pdf,,
/mnt/h/CPPDH/PRESENTATION VOYAGE.pdf,PRESENTATION VOYAGE.pdf,UNIQUE,presentationvoyagepdf,,
/mnt/h/CPPDH/Promotion pour l'exposition.pdf,Promotion pour l'exposition.pdf,UNIQUE,promotionpourlexpositionpdf,,
/mnt/h/Calendrier_des_activites_de_la_saison_2021-2022_CPB.pdf,Calendrier_des_activites_de_la_saison_2021-2022_CPB.pdf,UNIQUE,calendrierdesactivitesdelasaison20212022cpbpdf,,
/mnt/h/Calligraphr-Template.pdf,Calligraphr-Template.pdf,UNIQUE,calligraphrtemplatepdf,,
/mnt/h/Camera Profile/Documentation.pdf,Documentation.pdf,DUPLICATE,documentationpdf,,
/mnt/h/Camera Profile/doc-latex/documentation.pdf,documentation.pdf,DUPLICATE,documentationpdf,,
/mnt/h/Camera_raw-the_basics.pdf,Camera_raw-the_basics.pdf,UNIQUE,camerarawthebasicspdf,,
/mnt/h/Capa/CCSpring2021.pdf,CCSpring2021.pdf,UNIQUE,ccspring2021pdf,,
/mnt/h/ChromaticAdaptationTransformbySpectralReconstructionarXivv7.pdf,ChromaticAdaptationTransformbySpectralReconstructionarXivv7.pdf,UNIQUE,chromaticadaptationtransformbyspectralreconstructionarxivv7pdf,,
/mnt/h/Cinematic_Color_VES.pdf,Cinematic_Color_VES.pdf,UNIQUE,cinematiccolorvespdf,,
/mnt/h/Color management/1.4959544.pdf,1.4959544.pdf,UNIQUE,14959544pdf,,
/mnt/h/Color management/10-5594_M001489.pdf,10-5594_M001489.pdf,UNIQUE,105594m001489pdf,,
/mnt/h/Color management/2009.14468.pdf,2009.14468.pdf,UNIQUE,200914468pdf,,
/mnt/h/Color management/4.Bai.pdf,4.Bai.pdf,UNIQUE,4baipdf,,
/mnt/h/Color management/7800-Glossy-Carbon-Variable-Tone-2016.pdf,7800-Glossy-Carbon-Variable-Tone-2016.pdf,UNIQUE,7800glossycarbonvariabletone2016pdf,,
/mnt/h/Color management/8.Green_PRMG.pdf,8.Green_PRMG.pdf,UNIQUE,8greenprmgpdf,,
/mnt/h/Color management/9781119223634_Understanding_Color_Management_2nd_9f0b.pdf,9781119223634_Understanding_Color_Management_2nd_9f0b.pdf,UNIQUE,9781119223634understandingcolormanagement2nd9f0bpdf,,
/mnt/h/Color management/AN-1 White balancing in RAW import.pdf,AN-1 White balancing in RAW import.pdf,DUPLICATE,an1whitebalancinginrawimportpdf,,
/mnt/h/Color management/AN-2 How to identify UV-enhanced paper.pdf,AN-2 How to identify UV-enhanced paper.pdf,DUPLICATE,an2howtoidentifyuvenhancedpaperpdf,,
/mnt/h/Color management/AN-3a Using PatchTool for IDEAlliance PRINTER proofing certification.pdf,AN-3a Using PatchTool for IDEAlliance PRINTER proofing certification.pdf,DUPLICATE,an3ausingpatchtoolforideallianceprinterproofingcertificationpdf,,
/mnt/h/Color management/AN-4a Using PatchTool for IDEAlliance MONITOR proofing certification.pdf,AN-4a Using PatchTool for IDEAlliance MONITOR proofing certification.pdf,DUPLICATE,an4ausingpatchtoolforidealliancemonitorproofingcertificationpdf,,
/mnt/h/Color management/AN-9a How to derive and use a Color Correction Matrix.pdf,AN-9a How to derive and use a Color Correction Matrix.pdf,UNIQUE,an9ahowtoderiveanduseacolorcorrectionmatrixpdf,,
/mnt/h/Color management/Abhay-color-mgmt.pdf,Abhay-color-mgmt.pdf,UNIQUE,abhaycolormgmtpdf,,
/mnt/h/Color management/AppliedNamedCMM_Doc.PDF,AppliedNamedCMM_Doc.PDF,UNIQUE,appliednamedcmmdocpdf,,
/mnt/h/Color management/B&W/Eboni-6-for-smoothness.pdf,Eboni-6-for-smoothness.pdf,UNIQUE,eboni6forsmoothnesspdf,,
/mnt/h/Color management/B&W/MIS Carbon Inksets.pdf,MIS Carbon Inksets.pdf,UNIQUE,miscarboninksetspdf,,
/mnt/h/Color management/BWClassNotesBelnavisGalleryFeb2011.pdf,BWClassNotesBelnavisGalleryFeb2011.pdf,UNIQUE,bwclassnotesbelnavisgalleryfeb2011pdf,,
/mnt/h/Color management/BabelColor/AN-1 White balancing in RAW import.pdf,AN-1 White balancing in RAW import.pdf,DUPLICATE,an1whitebalancinginrawimportpdf,,
/mnt/h/Color management/BabelColor/AN-2 How to identify UV-enhanced paper.pdf,AN-2 How to identify UV-enhanced paper.pdf,DUPLICATE,an2howtoidentifyuvenhancedpaperpdf,,
/mnt/h/Color management/BabelColor/AN-3a Using PatchTool for IDEAlliance PRINTER proofing certification.pdf,AN-3a Using PatchTool for IDEAlliance PRINTER proofing certification.pdf,DUPLICATE,an3ausingpatchtoolforideallianceprinterproofingcertificationpdf,,
/mnt/h/Color management/BabelColor/AN-4a Using PatchTool for IDEAlliance MONITOR proofing certification.pdf,AN-4a Using PatchTool for IDEAlliance MONITOR proofing certification.pdf,DUPLICATE,an4ausingpatchtoolforidealliancemonitorproofingcertificationpdf,,
/mnt/h/Color management/BabelColor/CT&A_Help.pdf,CT&A_Help.pdf,UNIQUE,ctahelppdf,,
/mnt/h/Color management/BabelColor/TheRGBcode_2004-Rev1_Part1.pdf,TheRGBcode_2004-Rev1_Part1.pdf,UNIQUE,thergbcode2004rev1part1pdf,,
/mnt/h/Color management/BabelColor/TheRGBcode_2004-Rev1_Part2.pdf,TheRGBcode_2004-Rev1_Part2.pdf,UNIQUE,thergbcode2004rev1part2pdf,,
/mnt/h/Color management/BabelColor/TheRGBcode_2004-Rev1_Part3.pdf,TheRGBcode_2004-Rev1_Part3.pdf,UNIQUE,thergbcode2004rev1part3pdf,,
/mnt/h/Color management/BasICColor Print 5-User Manual.pdf,BasICColor Print 5-User Manual.pdf,UNIQUE,basiccolorprint5usermanualpdf,,
/mnt/h/Color management/CIC17_2009_Bonnier-PRMG.pdf,CIC17_2009_Bonnier-PRMG.pdf,UNIQUE,cic172009bonnierprmgpdf,,
/mnt/h/Color management/CIC18_UnboundedCMM.pdf,CIC18_UnboundedCMM.pdf,UNIQUE,cic18unboundedcmmpdf,,
/mnt/h/Color management/CIC_2005_art00001_Hiroaki-Kotera.pdf,CIC_2005_art00001_Hiroaki-Kotera.pdf,UNIQUE,cic2005art00001hiroakikoterapdf,,
/mnt/h/Color management/CIELABPigment.pdf,CIELABPigment.pdf,UNIQUE,cielabpigmentpdf,,
/mnt/h/Color management/Color/20170715 Color-Theory-Guide-Dave-Morrow-Photography.pdf,20170715 Color-Theory-Guide-Dave-Morrow-Photography.pdf,UNIQUE,20170715colortheoryguidedavemorrowphotographypdf,,
/mnt/h/Color management/Color/A Simple Guide to Understanding Color in Photography.pdf,A Simple Guide to Understanding Color in Photography.pdf,UNIQUE,asimpleguidetounderstandingcolorinphotographypdf,,
/mnt/h/Color management/Color/ColorTheoryForPhotographers - Blake Rudis.pdf,ColorTheoryForPhotographers - Blake Rudis.pdf,UNIQUE,colortheoryforphotographersblakerudispdf,,
/mnt/h/Color management/Color_Printer_Characterization.pdf,Color_Printer_Characterization.pdf,UNIQUE,colorprintercharacterizationpdf,,
/mnt/h/Color management/DNGProfile_EditorDocumentation.pdf,DNGProfile_EditorDocumentation.pdf,UNIQUE,dngprofileeditordocumentationpdf,,
/mnt/h/Color management/Filmmaking-Techniques-Color-Worksheet.pdf,Filmmaking-Techniques-Color-Worksheet.pdf,UNIQUE,filmmakingtechniquescolorworksheetpdf,,
/mnt/h/Color management/FineArt_print-ebook.pdf,FineArt_print-ebook.pdf,UNIQUE,fineartprintebookpdf,,
/mnt/h/Color management/Fogra stuff/2013_CIC21_Fogra_roses_presentation.pdf,2013_CIC21_Fogra_roses_presentation.pdf,UNIQUE,2013cic21fograrosespresentationpdf,,
/mnt/h/Color management/Fogra stuff/2013_Kraushaar_60.055.pdf,2013_Kraushaar_60.055.pdf,UNIQUE,2013kraushaar60055pdf,,
/mnt/h/Color management/Fogra stuff/2015_en_Guidance3664_JWG24.pdf,2015_en_Guidance3664_JWG24.pdf,UNIQUE,2015enguidance3664jwg24pdf,,
/mnt/h/Color management/Fogra stuff/Fogra Monitortestbilder.pdf,Fogra Monitortestbilder.pdf,UNIQUE,fogramonitortestbilderpdf,,
/mnt/h/Color management/Fogra stuff/Fogra_Monitor_Test-Pictures_1920x1200.pdf,Fogra_Monitor_Test-Pictures_1920x1200.pdf,UNIQUE,fogramonitortestpictures1920x1200pdf,,
/mnt/h/Color management/Fogra stuff/Fogra_Monitor_Test_Pictures.pdf,Fogra_Monitor_Test_Pictures.pdf,UNIQUE,fogramonitortestpicturespdf,,
/mnt/h/Color management/Fogra stuff/Fogra_Softproof_Handbook.pdf,Fogra_Softproof_Handbook.pdf,UNIQUE,fograsoftproofhandbookpdf,,
/mnt/h/Color management/Fogra stuff/i1_profiler_Light_measurement.pdf,i1_profiler_Light_measurement.pdf,DUPLICATE,i1profilerlightmeasurementpdf,,
/mnt/h/Color management/ICC.2-2018.pdf,ICC.2-2018.pdf,UNIQUE,icc22018pdf,,
/mnt/h/Color management/ICC.2-2019.pdf,ICC.2-2019.pdf,UNIQUE,icc22019pdf,,
/mnt/h/Color management/ICC.2-2019_ICCMAX.pdf,ICC.2-2019_ICCMAX.pdf,UNIQUE,icc22019iccmaxpdf,,
/mnt/h/Color management/ICC.2-201IccMax8.pdf,ICC.2-201IccMax8.pdf,UNIQUE,icc2201iccmax8pdf,,
/mnt/h/Color management/ICC1v43_2010-12.pdf,ICC1v43_2010-12.pdf,UNIQUE,icc1v43201012pdf,,
/mnt/h/Color management/ICC_Minor_Revision_for_Web ICC V2.pdf,ICC_Minor_Revision_for_Web ICC V2.pdf,UNIQUE,iccminorrevisionforwebiccv2pdf,,
/mnt/h/Color management/ICC_Minor_Revision_for_Web.pdf,ICC_Minor_Revision_for_Web.pdf,UNIQUE,iccminorrevisionforwebpdf,,
/mnt/h/Color management/ICC_White_Paper1_revised-Feb2012.pdf,ICC_White_Paper1_revised-Feb2012.pdf,DUPLICATE,iccwhitepaper1revisedfeb2012pdf,,
/mnt/h/Color management/ICC_White_Paper42_Using_the_sRGB_ICC_v4_appearance_profile_2014.pdf,ICC_White_Paper42_Using_the_sRGB_ICC_v4_appearance_profile_2014.pdf,DUPLICATE,iccwhitepaper42usingthesrgbiccv4appearanceprofile2014pdf,,
/mnt/h/Color management/ICC_White_Paper44_Visualization_of_colour_on_medical_displays.pdf,ICC_White_Paper44_Visualization_of_colour_on_medical_displays.pdf,UNIQUE,iccwhitepaper44visualizationofcolouronmedicaldisplayspdf,,
/mnt/h/Color management/ICC_White_Paper45_Calculator_Programming-v3.pdf,ICC_White_Paper45_Calculator_Programming-v3.pdf,UNIQUE,iccwhitepaper45calculatorprogrammingv3pdf,,
/mnt/h/Color management/ICC_White_Paper_26_Using_the_V4_sRGB_ICC_profile.pdf,ICC_White_Paper_26_Using_the_V4_sRGB_ICC_profile.pdf,DUPLICATE,iccwhitepaper26usingthev4srgbiccprofilepdf,,
/mnt/h/Color management/ICC_white_paper_17_ICC_profiles_with_camera_images.pdf,ICC_white_paper_17_ICC_profiles_with_camera_images.pdf,DUPLICATE,iccwhitepaper17iccprofileswithcameraimagespdf,,
/mnt/h/Color management/ICC_white_paper_20_Digital_photography_color_management_basics.pdf,ICC_white_paper_20_Digital_photography_color_management_basics.pdf,DUPLICATE,iccwhitepaper20digitalphotographycolormanagementbasicspdf,,
/mnt/h/Color management/ICC_white_paper_21-SampleICCProfileCompliance.pdf,ICC_white_paper_21-SampleICCProfileCompliance.pdf,UNIQUE,iccwhitepaper21sampleiccprofilecompliancepdf,,
/mnt/h/Color management/ICC_white_paper_2_Perceptual_rendering_use_cases.pdf,ICC_white_paper_2_Perceptual_rendering_use_cases.pdf,DUPLICATE,iccwhitepaper2perceptualrenderingusecasespdf,,
/mnt/h/Color management/ICC_white_paper_6_v2_and_v4_display_profile_differences.pdf,ICC_white_paper_6_v2_and_v4_display_profile_differences.pdf,UNIQUE,iccwhitepaper6v2andv4displayprofiledifferencespdf,,
/mnt/h/Color management/ICC_white_paper_9_workflow.pdf,ICC_white_paper_9_workflow.pdf,DUPLICATE,iccwhitepaper9workflowpdf,,
/mnt/h/Color management/ICIP2002.pdf,ICIP2002.pdf,UNIQUE,icip2002pdf,,
/mnt/h/Color management/IDEAlliance stuff/ADS_HardCopyExample2008.pdf,ADS_HardCopyExample2008.pdf,UNIQUE,adshardcopyexample2008pdf,,
/mnt/h/Color management/IDEAlliance stuff/ADS_MonitorExample2008.pdf,ADS_MonitorExample2008.pdf,UNIQUE,adsmonitorexample2008pdf,,
/mnt/h/Color management/IDEAlliance stuff/AN-3a Using PatchTool for IDEAlliance PRINTER proofing certification.pdf,AN-3a Using PatchTool for IDEAlliance PRINTER proofing certification.pdf,DUPLICATE,an3ausingpatchtoolforideallianceprinterproofingcertificationpdf,,
/mnt/h/Color management/IDEAlliance stuff/AN-4a Using PatchTool for IDEAlliance MONITOR proofing certification.pdf,AN-4a Using PatchTool for IDEAlliance MONITOR proofing certification.pdf,DUPLICATE,an4ausingpatchtoolforidealliancemonitorproofingcertificationpdf,,
/mnt/h/Color management/IDEAlliance stuff/Apply.pdf,Apply.pdf,UNIQUE,applypdf,,
/mnt/h/Color management/IDEAlliance stuff/IT8 stuff/IT8-7-4_ReadMe.pdf,IT8-7-4_ReadMe.pdf,UNIQUE,it874readmepdf,,
/mnt/h/Color management/IDEAlliance stuff/IT8 stuff/IT874_Random.pdf,IT874_Random.pdf,UNIQUE,it874randompdf,,
/mnt/h/Color management/IDEAlliance stuff/IT8 stuff/IT874_Visual.pdf,IT874_Visual.pdf,UNIQUE,it874visualpdf,,
/mnt/h/Color management/IDEAlliance stuff/PROOFING CERTIFICATION PROCESS_v16.pdf,PROOFING CERTIFICATION PROCESS_v16.pdf,DUPLICATE,proofingcertificationprocessv16pdf,,
/mnt/h/Color management/IDEAlliance stuff/SWOP Proofing 17x21_numerical_1107.pdf,SWOP Proofing 17x21_numerical_1107.pdf,UNIQUE,swopproofing17x21numerical1107pdf,,
/mnt/h/Color management/IDEAlliance stuff/SWOP Proofing 17x21_visual_1107.pdf,SWOP Proofing 17x21_visual_1107.pdf,UNIQUE,swopproofing17x21visual1107pdf,,
/mnt/h/Color management/IPA_2004-11.pdf,IPA_2004-11.pdf,UNIQUE,ipa200411pdf,,
/mnt/h/Color management/ISO3664 Standard.pdf,ISO3664 Standard.pdf,UNIQUE,iso3664standardpdf,,
/mnt/h/Color management/J-05-GRACol-Guideline.pdf,J-05-GRACol-Guideline.pdf,UNIQUE,j05gracolguidelinepdf,,
/mnt/h/Color management/Light_under_control_2005-11-08.pdf,Light_under_control_2005-11-08.pdf,UNIQUE,lightundercontrol20051108pdf,,
/mnt/h/Color management/LittleCMS2.9 API.pdf,LittleCMS2.9 API.pdf,UNIQUE,littlecms29apipdf,,
/mnt/h/Color management/LittleCMS2.9 Plugin API.pdf,LittleCMS2.9 Plugin API.pdf,UNIQUE,littlecms29pluginapipdf,,
/mnt/h/Color management/LittleCMS2.9 tutorial.pdf,LittleCMS2.9 tutorial.pdf,UNIQUE,littlecms29tutorialpdf,,
/mnt/h/Color management/New Media ICC Profiles Construction and Concerns.pdf,New Media ICC Profiles Construction and Concerns.pdf,UNIQUE,newmediaiccprofilesconstructionandconcernspdf,,
/mnt/h/Color management/PRO08.pdf,PRO08.pdf,UNIQUE,pro08pdf,,
/mnt/h/Color management/PROOFING CERTIFICATION PROCESS_v16.pdf,PROOFING CERTIFICATION PROCESS_v16.pdf,DUPLICATE,proofingcertificationprocessv16pdf,,
/mnt/h/Color management/Paper_Test/AaI_20071211_SN002LfHaPhotoRag308.pdf,AaI_20071211_SN002LfHaPhotoRag308.pdf,UNIQUE,aai20071211sn002lfhaphotorag308pdf,,
/mnt/h/Color management/Paper_Test/AaI_20090803_SN001Lf.pdf,AaI_20090803_SN001Lf.pdf,UNIQUE,aai20090803sn001lfpdf,,
/mnt/h/Color management/Protection contrefaçon.pdf,Protection contrefaçon.pdf,UNIQUE,protectioncontrefaconpdf,,
/mnt/h/Color management/Review1.1.pdf,Review1.1.pdf,UNIQUE,review11pdf,,
/mnt/h/Color management/Spectrally Based Material Color Equivalency_ Modeling and Manipul (1).pdf,Spectrally Based Material Color Equivalency_ Modeling and Manipul (1).pdf,UNIQUE,spectrallybasedmaterialcolorequivalencymodelingandmanipul1pdf,,
/mnt/h/Color management/Spectrally Based Material Color Equivalency_ Modeling and Manipul.pdf,Spectrally Based Material Color Equivalency_ Modeling and Manipul.pdf,DUPLICATE,spectrallybasedmaterialcolorequivalencymodelingandmanipulpdf,,
/mnt/h/Color management/StandardViewingNTK_EN.pdf,StandardViewingNTK_EN.pdf,UNIQUE,standardviewingntkenpdf,,
"/mnt/h/Color management/Stephen Westland, Caterina Ripamonti, Vien Cheung(auth.), Michael A. Kriss(eds.) Computational Colour Science using MATLAB®, Second edition  2012.pdf","Stephen Westland, Caterina Ripamonti, Vien Cheung(auth.), Michael A. Kriss(eds.) Computational Colour Science using MATLAB®, Second edition  2012.pdf",DUPLICATE,stephenwestlandcaterinaripamontiviencheungauthmichaelakrissedscomputationalcolourscienceusingmatlabsecondedition2012pdf,,
/mnt/h/Color management/Vision_Models_for_Wide_Color_Gamut_Imaging_in_Cine.pdf,Vision_Models_for_Wide_Color_Gamut_Imaging_in_Cine.pdf,UNIQUE,visionmodelsforwidecolorgamutimagingincinepdf,,
/mnt/h/Color management/WP40-Black_Point_Compensation_2010-07-27.pdf,WP40-Black_Point_Compensation_2010-07-27.pdf,UNIQUE,wp40blackpointcompensation20100727pdf,,
/mnt/h/Color management/colour.pdf,colour.pdf,UNIQUE,colourpdf,,
/mnt/h/Color management/icc-book1.pdf,icc-book1.pdf,UNIQUE,iccbook1pdf,,
/mnt/h/Color management/icc32.pdf,icc32.pdf,DUPLICATE,icc32pdf,,
/mnt/h/Color management/icc_white_paper_23_rgb_workflow.pdf,icc_white_paper_23_rgb_workflow.pdf,UNIQUE,iccwhitepaper23rgbworkflowpdf,,
/mnt/h/Color management/mantiuk07hdr_pipeline.pdf,mantiuk07hdr_pipeline.pdf,UNIQUE,mantiuk07hdrpipelinepdf,,
/mnt/h/Color management/photopills-filters-en.pdf,photopills-filters-en.pdf,UNIQUE,photopillsfiltersenpdf,,
/mnt/h/Color management/print-ebook.pdf,print-ebook.pdf,UNIQUE,printebookpdf,,
/mnt/h/Color management/print-ebook_YG.pdf,print-ebook_YG.pdf,UNIQUE,printebookygpdf,,
/mnt/h/Color management/spyder5_ebook_english_chapter1_2018-10-02_final.pdf,spyder5_ebook_english_chapter1_2018-10-02_final.pdf,UNIQUE,spyder5ebookenglishchapter120181002finalpdf,,
/mnt/h/Color management/spyder5_ebook_english_chapter2_2018-10-02_final.pdf,spyder5_ebook_english_chapter2_2018-10-02_final.pdf,UNIQUE,spyder5ebookenglishchapter220181002finalpdf,,
/mnt/h/Color management/spyder5_ebook_english_chapter3_final.pdf,spyder5_ebook_english_chapter3_final.pdf,UNIQUE,spyder5ebookenglishchapter3finalpdf,,
/mnt/h/Color management/spyder5_ebook_english_chapter4_final.pdf,spyder5_ebook_english_chapter4_final.pdf,UNIQUE,spyder5ebookenglishchapter4finalpdf,,
/mnt/h/Color management/spyder5_ebook_english_chapter5_2018-10-09_final.pdf,spyder5_ebook_english_chapter5_2018-10-09_final.pdf,UNIQUE,spyder5ebookenglishchapter520181009finalpdf,,
/mnt/h/Color management/spyder5_ebook_english_chapter6_final-1.pdf,spyder5_ebook_english_chapter6_final-1.pdf,UNIQUE,spyder5ebookenglishchapter6final1pdf,,
/mnt/h/Color management/spyder5_ebook_france_chapter1_final.pdf,spyder5_ebook_france_chapter1_final.pdf,UNIQUE,spyder5ebookfrancechapter1finalpdf,,
/mnt/h/Color management/spyder5_ebook_france_chapter2_final.pdf,spyder5_ebook_france_chapter2_final.pdf,UNIQUE,spyder5ebookfrancechapter2finalpdf,,
/mnt/h/Color management/spyder5_ebook_france_chapter3_final.pdf,spyder5_ebook_france_chapter3_final.pdf,UNIQUE,spyder5ebookfrancechapter3finalpdf,,
/mnt/h/Color management/spyder5_ebook_france_chapter4_final.pdf,spyder5_ebook_france_chapter4_final.pdf,UNIQUE,spyder5ebookfrancechapter4finalpdf,,
/mnt/h/Color management/spyder5_ebook_france_chapter5_2018-10-10_final.pdf,spyder5_ebook_france_chapter5_2018-10-10_final.pdf,UNIQUE,spyder5ebookfrancechapter520181010finalpdf,,
/mnt/h/Color management/spyder5_ebook_france_chapter6_final.pdf,spyder5_ebook_france_chapter6_final.pdf,UNIQUE,spyder5ebookfrancechapter6finalpdf,,
/mnt/h/Color management/v4_matrix_entries.pdf,v4_matrix_entries.pdf,UNIQUE,v4matrixentriespdf,,
/mnt/h/Color-Toner-Approach-for-Carbon-Variable-Tone-inksets.pdf,Color-Toner-Approach-for-Carbon-Variable-Tone-inksets.pdf,UNIQUE,colortonerapproachforcarbonvariabletoneinksetspdf,,
/mnt/h/ColorLab 2.8.13/ColorLab.pdf,ColorLab.pdf,UNIQUE,colorlabpdf,,
/mnt/h/Colorimetry-Understanding-the-CIE-System.pdf,Colorimetry-Understanding-the-CIE-System.pdf,UNIQUE,colorimetryunderstandingtheciesystempdf,,
/mnt/h/ColorsEstimator/ColorsEstimator english documentation.pdf,ColorsEstimator english documentation.pdf,UNIQUE,colorsestimatorenglishdocumentationpdf,,
/mnt/h/ColorsEstimator/documentation colorsEstimator français.pdf,documentation colorsEstimator français.pdf,UNIQUE,documentationcolorsestimatorfrancaispdf,,
/mnt/h/ComparativeStudyofDemosaicingAlgorithmsforBayerandPseudo_RandomBayerColorFilterArray.pdf,ComparativeStudyofDemosaicingAlgorithmsforBayerandPseudo_RandomBayerColorFilterArray.pdf,UNIQUE,comparativestudyofdemosaicingalgorithmsforbayerandpseudorandombayercolorfilterarraypdf,,
/mnt/h/Computational Colour Science Using MATLAB.pdf,Computational Colour Science Using MATLAB.pdf,UNIQUE,computationalcolourscienceusingmatlabpdf,,
/mnt/h/Contrat_YG_BPM2024.pdf,Contrat_YG_BPM2024.pdf,UNIQUE,contratygbpm2024pdf,,
/mnt/h/Creator Couture/041-Instapressionist/Tutorial-License-Support/CreatorsCouture-Product-Guide.pdf,CreatorsCouture-Product-Guide.pdf,DUPLICATE,creatorscoutureproductguidepdf,,
/mnt/h/Creator Couture/046-Modern Impressionist/Tutorial-License-Support/CreatorsCouture-Product-Guide.pdf,CreatorsCouture-Product-Guide.pdf,DUPLICATE,creatorscoutureproductguidepdf,,
/mnt/h/Creator Couture/060-The Masters Palettes/Tutorial-License-Support/CreatorsCouture-Product-Guide.pdf,CreatorsCouture-Product-Guide.pdf,DUPLICATE,creatorscoutureproductguidepdf,,
/mnt/h/Creator Couture/The Masters Palettes/Surprise-Bonus-Product/Romantic-English-Garden-v2/Tutorial-License-Support/CreatorsCouture-Product-Guide.pdf,CreatorsCouture-Product-Guide.pdf,DUPLICATE,creatorscoutureproductguidepdf,,
/mnt/h/Creator Couture/The Masters Palettes/Tutorial-License-Support/CreatorsCouture-Product-Guide.pdf,CreatorsCouture-Product-Guide.pdf,DUPLICATE,creatorscoutureproductguidepdf,,
/mnt/h/CtlManual (1).pdf,CtlManual (1).pdf,UNIQUE,ctlmanual1pdf,,
/mnt/h/CtlManual.pdf,CtlManual.pdf,UNIQUE,ctlmanualpdf,,
/mnt/h/DGBN_guide_depot_legal_publications_numeriques.pdf,DGBN_guide_depot_legal_publications_numeriques.pdf,UNIQUE,dgbnguidedepotlegalpublicationsnumeriquespdf,,
/mnt/h/DaVinci-Resolve-18-Colorist-Guide.pdf,DaVinci-Resolve-18-Colorist-Guide.pdf,DUPLICATE,davinciresolve18coloristguidepdf,,
/mnt/h/DaVinci_Resolve_17_Wide_Gamut_Intermediate.pdf,DaVinci_Resolve_17_Wide_Gamut_Intermediate.pdf,UNIQUE,davinciresolve17widegamutintermediatepdf,,
/mnt/h/DaVinci_Resolve_18_Reference_Manual.pdf,DaVinci_Resolve_18_Reference_Manual.pdf,UNIQUE,davinciresolve18referencemanualpdf,,
/mnt/h/Davinci Resolve Training/CKC Grading and Look Design Kit - V2/Mid-Grey Cheatsheet - Cullen Kelly Color.pdf,Mid-Grey Cheatsheet - Cullen Kelly Color.pdf,UNIQUE,midgreycheatsheetcullenkellycolorpdf,,
/mnt/h/Davinci Resolve Training/DaVinci-Resolve-18-Colorist-Guide.pdf,DaVinci-Resolve-18-Colorist-Guide.pdf,DUPLICATE,davinciresolve18coloristguidepdf,,
/mnt/h/Davinci Resolve Training/DaVinci-Resolve-18-Fusion-Visual-Effects.pdf,DaVinci-Resolve-18-Fusion-Visual-Effects.pdf,UNIQUE,davinciresolve18fusionvisualeffectspdf,,
/mnt/h/Davinci Resolve Training/DaVinci-Resolve-18_Beginners-Guide.pdf,DaVinci-Resolve-18_Beginners-Guide.pdf,UNIQUE,davinciresolve18beginnersguidepdf,,
/mnt/h/Demande proposition Passion Photo Laurentides.pdf,Demande proposition Passion Photo Laurentides.pdf,UNIQUE,demandepropositionpassionphotolaurentidespdf,,
/mnt/h/Digital_Camera_Characterization_for_Color_Measurem.pdf,Digital_Camera_Characterization_for_Color_Measurem.pdf,UNIQUE,digitalcameracharacterizationforcolormeasurempdf,,
/mnt/h/DougWalker_24_255pm_ColorProcessingWithOCIO.pdf,DougWalker_24_255pm_ColorProcessingWithOCIO.pdf,UNIQUE,dougwalker24255pmcolorprocessingwithociopdf,,
/mnt/h/DougWalker_24_255pm_ColorProcessingWithOCIO_tutorial.pdf,DougWalker_24_255pm_ColorProcessingWithOCIO_tutorial.pdf,UNIQUE,dougwalker24255pmcolorprocessingwithociotutorialpdf,,
/mnt/h/Downloads/02Derby.pdf,02Derby.pdf,DUPLICATE,02derbypdf,,
/mnt/h/Downloads/1709.05424v2.pdf,1709.05424v2.pdf,DUPLICATE,170905424v2pdf,,
/mnt/h/Downloads/20090731_lexique_photoshopcs4.pdf,20090731_lexique_photoshopcs4.pdf,DUPLICATE,20090731lexiquephotoshopcs4pdf,,
/mnt/h/Downloads/2722_EVALUATIONANDMEASUREMENT...-04.2013-Spisanie-BMED.pdf,2722_EVALUATIONANDMEASUREMENT...-04.2013-Spisanie-BMED.pdf,DUPLICATE,2722evaluationandmeasurement042013spisaniebmedpdf,,
/mnt/h/Downloads/4CRA-Hong.pdf,4CRA-Hong.pdf,DUPLICATE,4crahongpdf,,
/mnt/h/E16641_ProArt_Z490-CREATOR_10G_UM_V2_WEB.pdf,E16641_ProArt_Z490-CREATOR_10G_UM_V2_WEB.pdf,UNIQUE,e16641proartz490creator10gumv2webpdf,,
/mnt/h/Easy Digital Negative/exposure-tablet-10-21.pdf,exposure-tablet-10-21.pdf,UNIQUE,exposuretablet1021pdf,,
/mnt/h/Ebook-Film-Lighting-The-Ultimate-Guide-StudioBinder.pdf,Ebook-Film-Lighting-The-Ultimate-Guide-StudioBinder.pdf,UNIQUE,ebookfilmlightingtheultimateguidestudiobinderpdf,,
/mnt/h/Elements-of-Composition-The-Complete-Guide-Ebook.pdf,Elements-of-Composition-The-Complete-Guide-Ebook.pdf,UNIQUE,elementsofcompositionthecompleteguideebookpdf,,
/mnt/h/Enhanced-Image-Colour-Transfer-2-main/Documents/Further Enhanced Image-Colour-Transfer.pdf,Further Enhanced Image-Colour-Transfer.pdf,UNIQUE,furtherenhancedimagecolourtransferpdf,,
/mnt/h/Epson_P700/CIC_2000_art00025_Peter-Roberts.pdf,CIC_2000_art00025_Peter-Roberts.pdf,UNIQUE,cic2000art00025peterrobertspdf,,
/mnt/h/Epson_P700/HFA_EpsSC-P900_MK_Printersettings_EN.pdf,HFA_EpsSC-P900_MK_Printersettings_EN.pdf,UNIQUE,hfaepsscp900mkprintersettingsenpdf,,
/mnt/h/Epson_P700/HFA_EpsSC-P900_MK_Printersettings_EN_Profile.pdf,HFA_EpsSC-P900_MK_Printersettings_EN_Profile.pdf,UNIQUE,hfaepsscp900mkprintersettingsenprofilepdf,,
/mnt/h/Epson_P700/HFA_EpsSC-P900_MK_Printersettings_FR.pdf,HFA_EpsSC-P900_MK_Printersettings_FR.pdf,UNIQUE,hfaepsscp900mkprintersettingsfrpdf,,
/mnt/h/Exposition Boisbriand 2023.pdf,Exposition Boisbriand 2023.pdf,UNIQUE,expositionboisbriand2023pdf,,
/mnt/h/Exposure-The-Ultimate-Guide-Ebook-StudioBinder-1.pdf,Exposure-The-Ultimate-Guide-Ebook-StudioBinder-1.pdf,UNIQUE,exposuretheultimateguideebookstudiobinder1pdf,,
/mnt/h/FIP.pdf,FIP.pdf,UNIQUE,fippdf,,
/mnt/h/FIP2.3.pdf,FIP2.3.pdf,UNIQUE,fip23pdf,,
/mnt/h/Fairchild_M._Color_appearance_models__2005.pdf,Fairchild_M._Color_appearance_models__2005.pdf,UNIQUE,fairchildmcolorappearancemodels2005pdf,,
/mnt/h/Faites-vous-plaisir-en-photographiant.pdf,Faites-vous-plaisir-en-photographiant.pdf,UNIQUE,faitesvousplaisirenphotographiantpdf,,
/mnt/h/Fiche Jugement individuel Club photo de Boisbriand_ Circuit photo_SPPQ.pdf,Fiche Jugement individuel Club photo de Boisbriand_ Circuit photo_SPPQ.pdf,UNIQUE,fichejugementindividuelclubphotodeboisbriandcircuitphotosppqpdf,,
/mnt/h/Flood 2/Flood 2 Guide.pdf,Flood 2 Guide.pdf,UNIQUE,flood2guidepdf,,
/mnt/h/Floralis.pdf,Floralis.pdf,UNIQUE,floralispdf,,
/mnt/h/FloralisYGauvreau.pdf,FloralisYGauvreau.pdf,UNIQUE,floralisygauvreaupdf,,
/mnt/h/Formulaire_d_inscription_Souvenirs_d_un_ete_2023.pdf,Formulaire_d_inscription_Souvenirs_d_un_ete_2023.pdf,UNIQUE,formulairedinscriptionsouvenirsdunete2023pdf,,
/mnt/h/Formulaire_d_inscription_Souvenirs_d_un_été_2022.pdf,Formulaire_d_inscription_Souvenirs_d_un_été_2022.pdf,UNIQUE,formulairedinscriptionsouvenirsdunete2022pdf,,
/mnt/h/Formulaire_d_inscription_demi-saison_2021-2022_PDFD.pdf,Formulaire_d_inscription_demi-saison_2021-2022_PDFD.pdf,UNIQUE,formulairedinscriptiondemisaison20212022pdfdpdf,,
/mnt/h/Formulaire_inscription_exposition_annuelle_2022_CPB_PDFD2.pdf,Formulaire_inscription_exposition_annuelle_2022_CPB_PDFD2.pdf,UNIQUE,formulaireinscriptionexpositionannuelle2022cpbpdfd2pdf,,
/mnt/h/Formulaires_2024_04_30 (2).pdf,Formulaires_2024_04_30 (2).pdf,UNIQUE,formulaires202404302pdf,,
/mnt/h/Formulaires_2024_04_30 (3).pdf,Formulaires_2024_04_30 (3).pdf,UNIQUE,formulaires202404303pdf,,
/mnt/h/Formulaires_2024_04_30 (4).pdf,Formulaires_2024_04_30 (4).pdf,UNIQUE,formulaires202404304pdf,,
/mnt/h/Getty Release/Model_Release.pdf,Model_Release.pdf,UNIQUE,modelreleasepdf,,
/mnt/h/Getty Release/Modele-FR.pdf,Modele-FR.pdf,UNIQUE,modelefrpdf,,
/mnt/h/Getty Release/Property_Release.pdf,Property_Release.pdf,UNIQUE,propertyreleasepdf,,
/mnt/h/Getty Release/Propriete_FR.pdf,Propriete_FR.pdf,UNIQUE,proprietefrpdf,,
/mnt/h/GotNoise-DT-edits (1).pdf,GotNoise-DT-edits (1).pdf,UNIQUE,gotnoisedtedits1pdf,,
/mnt/h/GotNoise-DT-edits.pdf,GotNoise-DT-edits.pdf,UNIQUE,gotnoisedteditspdf,,
/mnt/h/Greg Benz/gbench/How to Install a UXP panel.pdf,How to Install a UXP panel.pdf,UNIQUE,howtoinstallauxppanelpdf,,
/mnt/h/Greg Benz/proper_exposure_(greg_benz) (1).pdf,proper_exposure_(greg_benz) (1).pdf,DUPLICATE,properexposuregregbenz1pdf,,
/mnt/h/Grille d'évaluation des photos Club photo de Boisbriand SPPQ.pdf,Grille d'évaluation des photos Club photo de Boisbriand SPPQ.pdf,UNIQUE,grilledevaluationdesphotosclubphotodeboisbriandsppqpdf,,
/mnt/h/Grille d'évaluation des photos SPPQ Club photo de Boisbriand.pdf,Grille d'évaluation des photos SPPQ Club photo de Boisbriand.pdf,UNIQUE,grilledevaluationdesphotossppqclubphotodeboisbriandpdf,,
/mnt/h/Guide_autoedition_Qc.pdf,Guide_autoedition_Qc.pdf,UNIQUE,guideautoeditionqcpdf,,
/mnt/h/HaldCLUT-to-Cube-Converter-master/cube-lut-specification-1.0.pdf,cube-lut-specification-1.0.pdf,DUPLICATE,cubelutspecification10pdf,,
/mnt/h/Henri Didot Font/Henri Didot.pdf,Henri Didot.pdf,UNIQUE,henrididotpdf,,
/mnt/h/HowDisplayProfilesWorkc.pdf,HowDisplayProfilesWorkc.pdf,UNIQUE,howdisplayprofilesworkcpdf,,
/mnt/h/HowToPrintAMunsellBook.pdf,HowToPrintAMunsellBook.pdf,UNIQUE,howtoprintamunsellbookpdf,,
/mnt/h/ICC_white_paper_17_ICC_profiles_with_camera_images.pdf,ICC_white_paper_17_ICC_profiles_with_camera_images.pdf,DUPLICATE,iccwhitepaper17iccprofileswithcameraimagespdf,,
/mnt/h/ICC_white_paper_20_Digital_photography_color_management_basics.pdf,ICC_white_paper_20_Digital_photography_color_management_basics.pdf,DUPLICATE,iccwhitepaper20digitalphotographycolormanagementbasicspdf,,
/mnt/h/IJSRDV7I41020.pdf,IJSRDV7I41020.pdf,UNIQUE,ijsrdv7i41020pdf,,
/mnt/h/IWLTBAP LUT Generator/About - IWLTBAP LUT Generator.pdf,About - IWLTBAP LUT Generator.pdf,UNIQUE,aboutiwltbaplutgeneratorpdf,,
/mnt/h/IWLTBAP LUT Generator/About - LUTs Color Grading Pack by IWLTBAP (Free).pdf,About - LUTs Color Grading Pack by IWLTBAP (Free).pdf,DUPLICATE,aboutlutscolorgradingpackbyiwltbapfreepdf,,
/mnt/h/IWLTBAP LUT Generator/LUTs Conversion by IWLTBAP/About - LUTs Conversion by IWLTBAP.pdf,About - LUTs Conversion by IWLTBAP.pdf,UNIQUE,aboutlutsconversionbyiwltbappdf,,
/mnt/h/IWLTBAP LUT Generator/LUTs Conversion by IWLTBAP/Readme - LUTs Color Grading Pack by IWLTBAP (Free).pdf,Readme - LUTs Color Grading Pack by IWLTBAP (Free).pdf,UNIQUE,readmelutscolorgradingpackbyiwltbapfreepdf,,
/mnt/h/IWLTBAP LUT Generator/READ IF PROBLEM ON MAC.pdf,READ IF PROBLEM ON MAC.pdf,UNIQUE,readifproblemonmacpdf,,
/mnt/h/Image Aestethic Assesment/Unified IAA-TIP.pdf,Unified IAA-TIP.pdf,UNIQUE,unifiediaatippdf,,
/mnt/h/Impressionist-PhotoPainter/Impressionist-PhotoPainter-Guidebook.pdf,Impressionist-PhotoPainter-Guidebook.pdf,DUPLICATE,impressionistphotopainterguidebookpdf,,
/mnt/h/Impressionist-PhotoPainter/__MACOSX/._Impressionist-PhotoPainter-Guidebook.pdf,._Impressionist-PhotoPainter-Guidebook.pdf,DUPLICATE,impressionistphotopainterguidebookpdf,,
/mnt/h/Imprimer comme un super pro.pdf,Imprimer comme un super pro.pdf,UNIQUE,imprimercommeunsuperpropdf,,
/mnt/h/Introduction_to_DIPimage.pdf,Introduction_to_DIPimage.pdf,UNIQUE,introductiontodipimagepdf,,
/mnt/h/JGED_paper_7e1d8600f8057449b96d2f82d2ef0218.pdf,JGED_paper_7e1d8600f8057449b96d2f82d2ef0218.pdf,UNIQUE,jgedpaper7e1d8600f8057449b96d2f82d2ef0218pdf,,
/mnt/h/JUST-daylight-5000-proGraphic_15W_EN.pdf,JUST-daylight-5000-proGraphic_15W_EN.pdf,UNIQUE,justdaylight5000prographic15wenpdf,,
"/mnt/h/Joel_Grimes/SetFBafg_Tools/Tools/Choosing the Right Lens eBook/Choosing The Right Lens, Quick Guide.pdf","Choosing The Right Lens, Quick Guide.pdf",DUPLICATE,choosingtherightlensquickguidepdf,,
/mnt/h/Joel_Grimes/SetFBafg_Tools/Tools/JG - People Lightroom Profiles/How to Install Profiles in Lightroom CC.pdf,How to Install Profiles in Lightroom CC.pdf,DUPLICATE,howtoinstallprofilesinlightroomccpdf,,
/mnt/h/Joel_Grimes/SetFBafg_Tools/Tools/JG - People Lightroom Profiles/How to Install Profiles in Lightroom Classic 7.3 to 7.4.pdf,How to Install Profiles in Lightroom Classic 7.3 to 7.4.pdf,DUPLICATE,howtoinstallprofilesinlightroomclassic73to74pdf,,
/mnt/h/Joel_Grimes/SetFBafg_Tools/Tools/JG - People Lightroom Profiles/How to Install Profiles in Lightroom Classic 7.5 and after.pdf,How to Install Profiles in Lightroom Classic 7.5 and after.pdf,DUPLICATE,howtoinstallprofilesinlightroomclassic75andafterpdf,,
/mnt/h/Joel_Grimes/SetFBafg_Tools/Tools/JG Black & White Photoshop Presets/How to Install Presets in Photoshop.pdf,How to Install Presets in Photoshop.pdf,DUPLICATE,howtoinstallpresetsinphotoshoppdf,,
"/mnt/h/Joel_Grimes/SetFBafg_Tools/__MACOSX/Tools/Choosing the Right Lens eBook/._Choosing The Right Lens, Quick Guide.pdf","._Choosing The Right Lens, Quick Guide.pdf",DUPLICATE,choosingtherightlensquickguidepdf,,
/mnt/h/Joel_Grimes/SetFBafg_Tools/__MACOSX/Tools/JG - People Lightroom Profiles/._How to Install Profiles in Lightroom CC.pdf,._How to Install Profiles in Lightroom CC.pdf,DUPLICATE,howtoinstallprofilesinlightroomccpdf,,
/mnt/h/Joel_Grimes/SetFBafg_Tools/__MACOSX/Tools/JG - People Lightroom Profiles/._How to Install Profiles in Lightroom Classic 7.3 to 7.4.pdf,._How to Install Profiles in Lightroom Classic 7.3 to 7.4.pdf,DUPLICATE,howtoinstallprofilesinlightroomclassic73to74pdf,,
/mnt/h/Joel_Grimes/SetFBafg_Tools/__MACOSX/Tools/JG - People Lightroom Profiles/._How to Install Profiles in Lightroom Classic 7.5 and after.pdf,._How to Install Profiles in Lightroom Classic 7.5 and after.pdf,DUPLICATE,howtoinstallprofilesinlightroomclassic75andafterpdf,,
/mnt/h/Joel_Grimes/SetFBafg_Tools/__MACOSX/Tools/JG Black & White Photoshop Presets/._How to Install Presets in Photoshop.pdf,._How to Install Presets in Photoshop.pdf,DUPLICATE,howtoinstallpresetsinphotoshoppdf,,
/mnt/h/Joel_Grimes/Ten_Step_to_becoming_a_successful_Photographer.pdf/Ten Step to becoming a successful Photographer.pdf,Ten Step to becoming a successful Photographer.pdf,DUPLICATE,tensteptobecomingasuccessfulphotographerpdf,,
/mnt/h/Joel_Grimes/Ten_Step_to_becoming_a_successful_Photographer.pdf/__MACOSX/._Ten Step to becoming a successful Photographer.pdf,._Ten Step to becoming a successful Photographer.pdf,DUPLICATE,tensteptobecomingasuccessfulphotographerpdf,,
/mnt/h/Kelvin Design/How_to_Install_Brushes_in_Photoshop (2).pdf,How_to_Install_Brushes_in_Photoshop (2).pdf,UNIQUE,howtoinstallbrushesinphotoshop2pdf,,
/mnt/h/Kelvin Design/How_to_Install_Brushes_in_Photoshop.pdf,How_to_Install_Brushes_in_Photoshop.pdf,DUPLICATE,howtoinstallbrushesinphotoshoppdf,,
/mnt/h/Kelvin Design/Special_Effect/Special Effect/How to Install Brushes in Photoshop.pdf,How to Install Brushes in Photoshop.pdf,DUPLICATE,howtoinstallbrushesinphotoshoppdf,,
/mnt/h/Kelvin Design/Special_Effect/__MACOSX/Special Effect/._How to Install Brushes in Photoshop.pdf,._How to Install Brushes in Photoshop.pdf,DUPLICATE,howtoinstallbrushesinphotoshoppdf,,
/mnt/h/LUT_Tester Instructions.pdf,LUT_Tester Instructions.pdf,UNIQUE,luttesterinstructionspdf,,
/mnt/h/LUTs Color Grading Pack (Free) by IWLTBAP/About - LUTs Color Grading Pack by IWLTBAP (Free).pdf,About - LUTs Color Grading Pack by IWLTBAP (Free).pdf,DUPLICATE,aboutlutscolorgradingpackbyiwltbapfreepdf,,
/mnt/h/LUTs Color Grading Pack (Free) by IWLTBAP/LUTs by IWLTBAP (XMP)/Instructions.pdf,Instructions.pdf,UNIQUE,instructionspdf,,
/mnt/h/LUTs Color Grading Pack (Free) by IWLTBAP/What's new - Changelog.pdf,What's new - Changelog.pdf,UNIQUE,whatsnewchangelogpdf,,
/mnt/h/Les-plateformes-numériques-d’autoédition-étude.pdf,Les-plateformes-numériques-d’autoédition-étude.pdf,UNIQUE,lesplateformesnumeriquesdautoeditionetudepdf,,
/mnt/h/Lightroom Classic SDK Guide_1708413066.pdf,Lightroom Classic SDK Guide_1708413066.pdf,UNIQUE,lightroomclassicsdkguide1708413066pdf,,
/mnt/h/Liste des concours 2019- 2020.pdf,Liste des concours 2019- 2020.pdf,UNIQUE,listedesconcours20192020pdf,,
/mnt/h/Livre Photo ver2.pdf,Livre Photo ver2.pdf,DUPLICATE,livrephotover2pdf,,
/mnt/h/LivrePhoto_Reglement2022-2023_SPPQ.pdf,LivrePhoto_Reglement2022-2023_SPPQ.pdf,UNIQUE,livrephotoreglement20222023sppqpdf,,
/mnt/h/LivrePhoto_Reglement2024-2025_SPPQ.pdf,LivrePhoto_Reglement2024-2025_SPPQ.pdf,UNIQUE,livrephotoreglement20242025sppqpdf,,
/mnt/h/Lunasixf_gb.pdf,Lunasixf_gb.pdf,UNIQUE,lunasixfgbpdf,,
/mnt/h/MC-Devis-studio.pdf,MC-Devis-studio.pdf,UNIQUE,mcdevisstudiopdf,,
/mnt/h/MIMT/MIMT/contour_plots.pdf,contour_plots.pdf,UNIQUE,contourplotspdf,,
/mnt/h/Monovisions_Certificate.pdf,Monovisions_Certificate.pdf,UNIQUE,monovisionscertificatepdf,,
/mnt/h/Neural_Artistic_Style_Transfer.pdf,Neural_Artistic_Style_Transfer.pdf,UNIQUE,neuralartisticstyletransferpdf,,
/mnt/h/Optics Bottle Tutorial Files/Tutorial Read Me First.pdf,Tutorial Read Me First.pdf,UNIQUE,tutorialreadmefirstpdf,,
/mnt/h/P-2013-001 (1).pdf,P-2013-001 (1).pdf,UNIQUE,p20130011pdf,,
/mnt/h/P-2013-001.pdf,P-2013-001.pdf,UNIQUE,p2013001pdf,,
/mnt/h/PDFCriteresEvaluationPhotoSPPQ.pdf,PDFCriteresEvaluationPhotoSPPQ.pdf,UNIQUE,pdfcriteresevaluationphotosppqpdf,,
/mnt/h/Palette Master Element for Win_V1.3.16_Windows/Release Note_PME_Win.pdf,Release Note_PME_Win.pdf,DUPLICATE,releasenotepmewinpdf,,
/mnt/h/Palette Master Element/Release Note_PME_Win.pdf,Release Note_PME_Win.pdf,DUPLICATE,releasenotepmewinpdf,,
/mnt/h/Paul Roark BW stuff/3880-Eboni-Variable-Tone.pdf,3880-Eboni-Variable-Tone.pdf,UNIQUE,3880ebonivariabletonepdf,,
/mnt/h/Paul Roark BW stuff/7800-9800-Glossy-Carbon-Variable-Tone.pdf,7800-9800-Glossy-Carbon-Variable-Tone.pdf,DUPLICATE,78009800glossycarbonvariabletonepdf,,
/mnt/h/Photograde stuff/READ ME.pdf,READ ME.pdf,DUPLICATE,readmepdf,,
/mnt/h/Photograde stuff/SetupYourOwnGradingSuite-1524749643559.pdf,SetupYourOwnGradingSuite-1524749643559.pdf,UNIQUE,setupyourowngradingsuite1524749643559pdf,,
/mnt/h/Photoshop Secrets/LivingThePhotoArtisticLife-31.pdf,LivingThePhotoArtisticLife-31.pdf,UNIQUE,livingthephotoartisticlife31pdf,,
/mnt/h/Photoshop Secrets/LivingThePhotoArtisticLife-32.pdf,LivingThePhotoArtisticLife-32.pdf,UNIQUE,livingthephotoartisticlife32pdf,,
/mnt/h/Photoshop Secrets/LivingThePhotoArtisticLife-36.pdf,LivingThePhotoArtisticLife-36.pdf,UNIQUE,livingthephotoartisticlife36pdf,,
/mnt/h/Photoshop Secrets/LivingThePhotoArtisticLife-37.pdf,LivingThePhotoArtisticLife-37.pdf,UNIQUE,livingthephotoartisticlife37pdf,,
/mnt/h/Photoshop Secrets/LivingThePhotoArtisticLife-38.pdf,LivingThePhotoArtisticLife-38.pdf,UNIQUE,livingthephotoartisticlife38pdf,,
/mnt/h/Photoshop Secrets/LivingThePhotoArtisticLife-39.pdf,LivingThePhotoArtisticLife-39.pdf,UNIQUE,livingthephotoartisticlife39pdf,,
/mnt/h/Photoshop Secrets/LivingThePhotoArtisticLife-40.pdf,LivingThePhotoArtisticLife-40.pdf,UNIQUE,livingthephotoartisticlife40pdf,,
/mnt/h/Photoshop Secrets/My_Creative_Images_4_July-2018.pdf,My_Creative_Images_4_July-2018.pdf,UNIQUE,mycreativeimages4july2018pdf,,
/mnt/h/Piezography-Community-Editions-v3-1/ReadME.pdf,ReadME.pdf,DUPLICATE,readmepdf,,
/mnt/h/Pixel Bubble_ Invoice 000009819.pdf,Pixel Bubble_ Invoice 000009819.pdf,UNIQUE,pixelbubbleinvoice000009819pdf,,
/mnt/h/Portrait in a Pinch/Install Guide/Installing your SharkPixel Skin Retouching Actions into Photoshop on your Mac.pdf,Installing your SharkPixel Skin Retouching Actions into Photoshop on your Mac.pdf,UNIQUE,installingyoursharkpixelskinretouchingactionsintophotoshoponyourmacpdf,,
/mnt/h/Portrait in a Pinch/Install Guide/Installing your Skin Retouching SharkPixel Actions into Photoshop on your PC.pdf,Installing your Skin Retouching SharkPixel Actions into Photoshop on your PC.pdf,UNIQUE,installingyourskinretouchingsharkpixelactionsintophotoshoponyourpcpdf,,
/mnt/h/PreciseCaptureofColorsinCulturalHeritageDigitization.pdf,PreciseCaptureofColorsinCulturalHeritageDigitization.pdf,UNIQUE,precisecaptureofcolorsinculturalheritagedigitizationpdf,,
/mnt/h/Precision digital negative/MoiGrid21x13.pdf,MoiGrid21x13.pdf,UNIQUE,moigrid21x13pdf,,
/mnt/h/Precision digital negative/PrecisionDigitalNegatives.pdf,PrecisionDigitalNegatives.pdf,UNIQUE,precisiondigitalnegativespdf,,
/mnt/h/Precision digital negative/photoshop-cc-scripting-guide.pdf,photoshop-cc-scripting-guide.pdf,UNIQUE,photoshopccscriptingguidepdf,,
/mnt/h/Printer_Check/ChromaChecker_Accuracy_Benchmark.pdf,ChromaChecker_Accuracy_Benchmark.pdf,UNIQUE,chromacheckeraccuracybenchmarkpdf,,
/mnt/h/Printer_Check/ChromaChecker_Addressability_Test_12x18in.pdf,ChromaChecker_Addressability_Test_12x18in.pdf,UNIQUE,chromacheckeraddressabilitytest12x18inpdf,,
/mnt/h/Printer_Check/ChromaChecker_Gamut_Test.pdf,ChromaChecker_Gamut_Test.pdf,UNIQUE,chromacheckergamuttestpdf,,
/mnt/h/Printer_Check/ChromaChecker_Variation_Test_12x18.pdf,ChromaChecker_Variation_Test_12x18.pdf,UNIQUE,chromacheckervariationtest12x18pdf,,
/mnt/h/Printer_Check/DigitalBenchmark_NoCMS_12x18_v4.pdf,DigitalBenchmark_NoCMS_12x18_v4.pdf,UNIQUE,digitalbenchmarknocms12x18v4pdf,,
/mnt/h/Printer_Check/Variation_Test_1000_sheets_12x18.pdf,Variation_Test_1000_sheets_12x18.pdf,UNIQUE,variationtest1000sheets12x18pdf,,
/mnt/h/Printing.pdf,Printing.pdf,UNIQUE,printingpdf,,
/mnt/h/QuadToneProfiler-Pro Resources/QuadToneProfiler-Pro Instructions (draft 2).pdf,QuadToneProfiler-Pro Instructions (draft 2).pdf,UNIQUE,quadtoneprofilerproinstructionsdraft2pdf,,
/mnt/h/QuadToneRIP/Eye-One/Eye-One-ReadMe.pdf,Eye-One-ReadMe.pdf,UNIQUE,eyeonereadmepdf,,
/mnt/h/QuadToneRIP/Eye-One/ICC-ACV-Readme.pdf,ICC-ACV-Readme.pdf,UNIQUE,iccacvreadmepdf,,
/mnt/h/QuadToneRIP/Quad-Ink-Descriptor-Spec-En.pdf,Quad-Ink-Descriptor-Spec-En.pdf,DUPLICATE,quadinkdescriptorspecenpdf,,
/mnt/h/QuadToneRIP/QuadTone/Quad11880-HDK6/_ReadMe.pdf,_ReadMe.pdf,DUPLICATE,readmepdf,,
/mnt/h/QuadToneRIP/QuadTone/Quad1400-HDK6/_ReadMe.pdf,_ReadMe.pdf,DUPLICATE,readmepdf,,
/mnt/h/QuadToneRIP/QuadTone/Quad1430-HDK6/_ReadMe.pdf,_ReadMe.pdf,DUPLICATE,readmepdf,,
/mnt/h/QuadToneRIP/QuadTone/Quad3800-HDK6/_ReadMe.pdf,_ReadMe.pdf,DUPLICATE,readmepdf,,
/mnt/h/QuadToneRIP/QuadTone/Quad3880-HDK6/_ReadMe.pdf,_ReadMe.pdf,DUPLICATE,readmepdf,,
/mnt/h/QuadToneRIP/QuadTone/Quad4800-HDK6/_ReadMe.pdf,_ReadMe.pdf,DUPLICATE,readmepdf,,
/mnt/h/QuadToneRIP/QuadTone/Quad4880-HDK6/_ReadMe.pdf,_ReadMe.pdf,DUPLICATE,readmepdf,,
/mnt/h/QuadToneRIP/QuadTone/Quad4900-HDK6/_ReadMe.pdf,_ReadMe.pdf,DUPLICATE,readmepdf,,
/mnt/h/QuadToneRIP/QuadTone/Quad7800-HDK6/_ReadMe.pdf,_ReadMe.pdf,DUPLICATE,readmepdf,,
/mnt/h/QuadToneRIP/QuadTone/Quad7880-HDK6/_ReadMe.pdf,_ReadMe.pdf,DUPLICATE,readmepdf,,
/mnt/h/QuadToneRIP/QuadTone/Quad7890-HDK6/_ReadMe.pdf,_ReadMe.pdf,DUPLICATE,readmepdf,,
/mnt/h/QuadToneRIP/QuadTone/Quad7900-HDK6/_ReadMe.pdf,_ReadMe.pdf,DUPLICATE,readmepdf,,
/mnt/h/QuadToneRIP/QuadTone/Quad9800-HDK6/_ReadMe.pdf,_ReadMe.pdf,DUPLICATE,readmepdf,,
/mnt/h/QuadToneRIP/QuadTone/Quad9880-HDK6/_ReadMe.pdf,_ReadMe.pdf,DUPLICATE,readmepdf,,
/mnt/h/QuadToneRIP/QuadTone/Quad9890-HDK6/_ReadMe.pdf,_ReadMe.pdf,DUPLICATE,readmepdf,,
/mnt/h/QuadToneRIP/QuadTone/Quad9900-HDK6/_ReadMe.pdf,_ReadMe.pdf,DUPLICATE,readmepdf,,
/mnt/h/QuadToneRIP/QuadTone/QuadP400-HDK6/_ReadMe.pdf,_ReadMe.pdf,DUPLICATE,readmepdf,,
/mnt/h/QuadToneRIP/QuadTone/QuadP600-HDK6/_ReadMe.pdf,_ReadMe.pdf,DUPLICATE,readmepdf,,
/mnt/h/QuadToneRIP/QuadTone/QuadP6000-HDK6/_ReadMe.pdf,_ReadMe.pdf,DUPLICATE,readmepdf,,
/mnt/h/QuadToneRIP/QuadTone/QuadP7000-HDK6/_ReadMe.pdf,_ReadMe.pdf,DUPLICATE,readmepdf,,
/mnt/h/QuadToneRIP/QuadTone/QuadP800-HDK6/_ReadMe.pdf,_ReadMe.pdf,DUPLICATE,readmepdf,,
/mnt/h/QuadToneRIP/QuadTone/QuadP8000-HDK6/_ReadMe.pdf,_ReadMe.pdf,DUPLICATE,readmepdf,,
/mnt/h/QuadToneRIP/QuadTone/QuadP9000-HDK6/_ReadMe.pdf,_ReadMe.pdf,DUPLICATE,readmepdf,,
/mnt/h/QuadToneRIP/QuadTone/QuadR1900-HDK6/_ReadMe.pdf,_ReadMe.pdf,DUPLICATE,readmepdf,,
/mnt/h/QuadToneRIP/QuadTone/QuadR2000-HDK6/_ReadMe.pdf,_ReadMe.pdf,DUPLICATE,readmepdf,,
/mnt/h/QuadToneRIP/QuadTone/QuadR2880-HDK6/_ReadMe.pdf,_ReadMe.pdf,DUPLICATE,readmepdf,,
/mnt/h/QuadToneRIP/QuadTone/QuadR3000-HDK6/_ReadMe.pdf,_ReadMe.pdf,DUPLICATE,readmepdf,,
/mnt/h/QuadToneRIP/QuadToneRIP User Guide.pdf,QuadToneRIP User Guide.pdf,UNIQUE,quadtoneripuserguidepdf,,
/mnt/h/QuadToneRip & Piezo stuff/7800-9800-Glossy-Carbon-Variable-Tone.pdf,7800-9800-Glossy-Carbon-Variable-Tone.pdf,DUPLICATE,78009800glossycarbonvariabletonepdf,,
/mnt/h/QuadToneRip & Piezo stuff/Credit Card Authorization.pdf,Credit Card Authorization.pdf,UNIQUE,creditcardauthorizationpdf,,
/mnt/h/QuadToneRip & Piezo stuff/Piezography-Community-Editions-v3-1/ReadME.pdf,ReadME.pdf,DUPLICATE,readmepdf,,
/mnt/h/QuadToneRip & Piezo stuff/Quad-Ink-Descriptor-Spec-En.pdf,Quad-Ink-Descriptor-Spec-En.pdf,DUPLICATE,quadinkdescriptorspecenpdf,,
/mnt/h/Quality_Analysis_in_Digital_Printing_Based_on_Colo.pdf,Quality_Analysis_in_Digital_Printing_Based_on_Colo.pdf,UNIQUE,qualityanalysisindigitalprintingbasedoncolopdf,,
/mnt/h/R-REP-BT.2246-2-2012-PDF-E.pdf,R-REP-BT.2246-2-2012-PDF-E.pdf,UNIQUE,rrepbt224622012pdfepdf,,
/mnt/h/RAWguide.pdf,RAWguide.pdf,UNIQUE,rawguidepdf,,
/mnt/h/Rêveries noir et blanc (1).pdf,Rêveries noir et blanc (1).pdf,UNIQUE,reveriesnoiretblanc1pdf,,
/mnt/h/Rêveries noir et blanc (2).pdf,Rêveries noir et blanc (2).pdf,UNIQUE,reveriesnoiretblanc2pdf,,
/mnt/h/Rêveries noir et blanc (3).pdf,Rêveries noir et blanc (3).pdf,UNIQUE,reveriesnoiretblanc3pdf,,
/mnt/h/Rêveries noir et blanc (4).pdf,Rêveries noir et blanc (4).pdf,UNIQUE,reveriesnoiretblanc4pdf,,
/mnt/h/Rêveries noir et blanc II (1).pdf,Rêveries noir et blanc II (1).pdf,UNIQUE,reveriesnoiretblancii1pdf,,
/mnt/h/Rêveries noir et blanc II (2).pdf,Rêveries noir et blanc II (2).pdf,UNIQUE,reveriesnoiretblancii2pdf,,
/mnt/h/Rêveries noir et blanc II (3).pdf,Rêveries noir et blanc II (3).pdf,UNIQUE,reveriesnoiretblancii3pdf,,
/mnt/h/Rêveries noir et blanc II.pdf,Rêveries noir et blanc II.pdf,UNIQUE,reveriesnoiretblanciipdf,,
/mnt/h/Rêveries noir et blanc.pdf,Rêveries noir et blanc.pdf,UNIQUE,reveriesnoiretblancpdf,,
/mnt/h/S709-white-paper-180524.pdf,S709-white-paper-180524.pdf,UNIQUE,s709whitepaper180524pdf,,
/mnt/h/SPPQ_LIVRE-ticket.pdf,SPPQ_LIVRE-ticket.pdf,UNIQUE,sppqlivreticketpdf,,
/mnt/h/Scripting_Win64/Documents/Photoshop AppleScript Ref.pdf,Photoshop AppleScript Ref.pdf,UNIQUE,photoshopapplescriptrefpdf,,
/mnt/h/Scripting_Win64/Documents/Photoshop JavaScript Ref.pdf,Photoshop JavaScript Ref.pdf,UNIQUE,photoshopjavascriptrefpdf,,
/mnt/h/Scripting_Win64/Documents/Photoshop Scripting Guide JA.pdf,Photoshop Scripting Guide JA.pdf,UNIQUE,photoshopscriptingguidejapdf,,
/mnt/h/Scripting_Win64/Documents/Photoshop Scripting Guide.pdf,Photoshop Scripting Guide.pdf,UNIQUE,photoshopscriptingguidepdf,,
/mnt/h/Scripting_Win64/Documents/Photoshop VBScript Ref.pdf,Photoshop VBScript Ref.pdf,UNIQUE,photoshopvbscriptrefpdf,,
/mnt/h/Shades of Grey/shadesofgrey29.pdf,shadesofgrey29.pdf,UNIQUE,shadesofgrey29pdf,,
/mnt/h/Shades of Grey/shadesofgrey30fr.pdf,shadesofgrey30fr.pdf,UNIQUE,shadesofgrey30frpdf,,
/mnt/h/Skin Retouching Essentials - PS/Photoshop Beauty Brush Starter Kit/How to Install Brushes in Photoshop.pdf,How to Install Brushes in Photoshop.pdf,DUPLICATE,howtoinstallbrushesinphotoshoppdf,,
/mnt/h/Skin Retouching Essentials - PS/Skin Retouching Step by Step/Advanced Skin Retouching Techniques.pdf,Advanced Skin Retouching Techniques.pdf,UNIQUE,advancedskinretouchingtechniquespdf,,
/mnt/h/Skin Retouching Essentials - PS/Skin Retouching Step by Step/High End Skin Retouching.pdf,High End Skin Retouching.pdf,UNIQUE,highendskinretouchingpdf,,
/mnt/h/Songes Noir et Blanc (1).pdf,Songes Noir et Blanc (1).pdf,UNIQUE,songesnoiretblanc1pdf,,
/mnt/h/Songes Noir et Blanc.pdf,Songes Noir et Blanc.pdf,UNIQUE,songesnoiretblancpdf,,
/mnt/h/Soumission 13752 de CGL Micro.pdf,Soumission 13752 de CGL Micro.pdf,UNIQUE,soumission13752decglmicropdf,,
/mnt/h/Speachelo/YTReviewTrick.pdf,YTReviewTrick.pdf,UNIQUE,ytreviewtrickpdf,,
/mnt/h/Spectrally Based Material Color Equivalency_ Modeling and Manipul.pdf,Spectrally Based Material Color Equivalency_ Modeling and Manipul.pdf,DUPLICATE,spectrallybasedmaterialcolorequivalencymodelingandmanipulpdf,,
/mnt/h/Standard_Dashboard Report_Yves_Gauvreau_4_28_2024.pdf,Standard_Dashboard Report_Yves_Gauvreau_4_28_2024.pdf,UNIQUE,standarddashboardreportyvesgauvreau4282024pdf,,
"/mnt/h/Stephen Westland, Caterina Ripamonti, Vien Cheung(auth.), Michael A. Kriss(eds.) Computational Colour Science using MATLAB®, Second edition  2012 (1).pdf","Stephen Westland, Caterina Ripamonti, Vien Cheung(auth.), Michael A. Kriss(eds.) Computational Colour Science using MATLAB®, Second edition  2012 (1).pdf",UNIQUE,stephenwestlandcaterinaripamontiviencheungauthmichaelakrissedscomputationalcolourscienceusingmatlabsecondedition20121pdf,,
"/mnt/h/Stephen Westland, Caterina Ripamonti, Vien Cheung(auth.), Michael A. Kriss(eds.) Computational Colour Science using MATLAB®, Second edition  2012.pdf","Stephen Westland, Caterina Ripamonti, Vien Cheung(auth.), Michael A. Kriss(eds.) Computational Colour Science using MATLAB®, Second edition  2012.pdf",DUPLICATE,stephenwestlandcaterinaripamontiviencheungauthmichaelakrissedscomputationalcolourscienceusingmatlabsecondedition2012pdf,,
/mnt/h/T4925910.PDF,T4925910.PDF,UNIQUE,t4925910pdf,,
/mnt/h/The_CIECAM02_color_appearance_model.pdf,The_CIECAM02_color_appearance_model.pdf,UNIQUE,theciecam02colorappearancemodelpdf,,
/mnt/h/Thèmes2021-2022.pdf,Thèmes2021-2022.pdf,UNIQUE,themes20212022pdf,,
/mnt/h/Tirages.pdf,Tirages.pdf,UNIQUE,tiragespdf,,
/mnt/h/Tutorial.pdf,Tutorial.pdf,UNIQUE,tutorialpdf,,
/mnt/h/V5IUEfSITmpqnX4ghVqZ_Photography_Equipment_Checklist_2.pdf,V5IUEfSITmpqnX4ghVqZ_Photography_Equipment_Checklist_2.pdf,UNIQUE,v5iuefsitmpqnx4ghvqzphotographyequipmentchecklist2pdf,,
/mnt/h/Vaccination-proof-Quebec_Yves_Gauvreau_20210626.pdf,Vaccination-proof-Quebec_Yves_Gauvreau_20210626.pdf,UNIQUE,vaccinationproofquebecyvesgauvreau20210626pdf,,
/mnt/h/ViewBug_Stuff/How_To_Grow_Your_Online_Reach_As_A_Photographer.pdf,How_To_Grow_Your_Online_Reach_As_A_Photographer.pdf,UNIQUE,howtogrowyouronlinereachasaphotographerpdf,,
/mnt/h/ViewBug_Stuff/eBookViewBug.pdf,eBookViewBug.pdf,UNIQUE,ebookviewbugpdf,,
/mnt/h/Visual Education/Visual-Education-An-Introduction-To-Photography-150823.pdf,Visual-Education-An-Introduction-To-Photography-150823.pdf,UNIQUE,visualeducationanintroductiontophotography150823pdf,,
/mnt/h/WIR_Canson_Fine_Art_and_Photo_Papers_Final_Report_2020-06-01 (1).pdf,WIR_Canson_Fine_Art_and_Photo_Papers_Final_Report_2020-06-01 (1).pdf,UNIQUE,wircansonfineartandphotopapersfinalreport202006011pdf,,
/mnt/h/WIR_Canson_Fine_Art_and_Photo_Papers_Final_Report_2020-06-01.pdf,WIR_Canson_Fine_Art_and_Photo_Papers_Final_Report_2020-06-01.pdf,UNIQUE,wircansonfineartandphotopapersfinalreport20200601pdf,,
/mnt/h/WIR_Epson_SureColor_P700_and_P900_Printers_2023_01_25.pdf,WIR_Epson_SureColor_P700_and_P900_Printers_2023_01_25.pdf,UNIQUE,wirepsonsurecolorp700andp900printers20230125pdf,,
/mnt/h/WeMacro 5.0 for windows system only/wemacro 5.0 software manual.pdf,wemacro 5.0 software manual.pdf,UNIQUE,wemacro50softwaremanualpdf,,
/mnt/h/WebAcademy_Managing_OBAs_V3.pdf,WebAcademy_Managing_OBAs_V3.pdf,UNIQUE,webacademymanagingobasv3pdf,,
/mnt/h/ZFS_Storage_Pool_Layout_White_Paper_2020_WEB.pdf,ZFS_Storage_Pool_Layout_White_Paper_2020_WEB.pdf,UNIQUE,zfsstoragepoollayoutwhitepaper2020webpdf,,
/mnt/h/_AI stuff/2206.08614v3.pdf,2206.08614v3.pdf,UNIQUE,220608614v3pdf,,
/mnt/h/_AI stuff/2303.15166.pdf,2303.15166.pdf,UNIQUE,230315166pdf,,
/mnt/h/_AI stuff/SSRN-id4585919.pdf,SSRN-id4585919.pdf,UNIQUE,ssrnid4585919pdf,,
/mnt/h/_AI stuff/Style_Transfer1703.10593.pdf,Style_Transfer1703.10593.pdf,UNIQUE,styletransfer170310593pdf,,
/mnt/h/_AI stuff/Yi_Towards_Artistic_Image_Aesthetics_Assessment_A_Large-Scale_Dataset_and_a_CVPR_2023_paper.pdf,Yi_Towards_Artistic_Image_Aesthetics_Assessment_A_Large-Scale_Dataset_and_a_CVPR_2023_paper.pdf,UNIQUE,yitowardsartisticimageaestheticsassessmentalargescaledatasetandacvpr2023paperpdf,,
/mnt/h/_AI stuff/machine-Learning-ebook.pdf,machine-Learning-ebook.pdf,UNIQUE,machinelearningebookpdf,,
/mnt/h/_AI stuff/machine-learning-ebook-all-chapters.pdf,machine-learning-ebook-all-chapters.pdf,UNIQUE,machinelearningebookallchapterspdf,,
/mnt/h/_How to Use Color in Film_ by StudioBinder/How to Use Color in Film - 50 Examples of Movie Color Palettes.pdf,How to Use Color in Film - 50 Examples of Movie Color Palettes.pdf,UNIQUE,howtousecolorinfilm50examplesofmoviecolorpalettespdf,,
/mnt/h/_ICC_Profiles/Adobe ICC Profiles (end-user)/Color Profile EULA.pdf,Color Profile EULA.pdf,UNIQUE,colorprofileeulapdf,,
/mnt/h/_ICC_Profiles/Adobe ICC Profiles (end-user)/Profile Information.pdf,Profile Information.pdf,UNIQUE,profileinformationpdf,,
/mnt/h/_ICC_Profiles/Adobe ICC Profiles (end-user)/Trademark Information.pdf,Trademark Information.pdf,UNIQUE,trademarkinformationpdf,,
/mnt/h/_ICC_Profiles/Canson Pro-1000/CANON - IPF Pro-1000-Almost-all/CANON - IPF Pro-1000.pdf,CANON - IPF Pro-1000.pdf,DUPLICATE,canonipfpro1000pdf,,
/mnt/h/_ICC_Profiles/Canson Pro-1000/CANON - IPF Pro-1000/CANON - IPF Pro-1000.pdf,CANON - IPF Pro-1000.pdf,DUPLICATE,canonipfpro1000pdf,,
/mnt/h/_ICC_Profiles/Canson Pro-1000/canon_ipf_pro-1000_121355.pdf,canon_ipf_pro-1000_121355.pdf,UNIQUE,canonipfpro1000121355pdf,,
/mnt/h/_ICC_Profiles/Canson Pro-1000/icc/canon_ipf_pro-1000_133717.pdf,canon_ipf_pro-1000_133717.pdf,UNIQUE,canonipfpro1000133717pdf,,
/mnt/h/_ICC_Profiles/EPSON - Stylus Pro 7900/EPSON - Stylus Pro 7900.pdf,EPSON - Stylus Pro 7900.pdf,UNIQUE,epsonstyluspro7900pdf,,
/mnt/h/_ICC_Profiles/Hahn/HFA_CanPro1000_MK_HandlingInstruction_EN.pdf,HFA_CanPro1000_MK_HandlingInstruction_EN.pdf,UNIQUE,hfacanpro1000mkhandlinginstructionenpdf,,
/mnt/h/_ICC_Profiles/Hahn/HFA_CanPro1000_PK_HandlingInstruction_EN.pdf,HFA_CanPro1000_PK_HandlingInstruction_EN.pdf,UNIQUE,hfacanpro1000pkhandlinginstructionenpdf,,
/mnt/h/_ICC_Profiles/ICC-Carbonprint-Graphite-K3-Awagami/ICC-Profileinstellungen-Carbonprint-Graphite-K3.pdf,ICC-Profileinstellungen-Carbonprint-Graphite-K3.pdf,DUPLICATE,iccprofileinstellungencarbonprintgraphitek3pdf,,
/mnt/h/_ICC_Profiles/ICC-Carbonprint-Graphite-K3-Awagami/__MACOSX/._ICC-Profileinstellungen-Carbonprint-Graphite-K3.pdf,._ICC-Profileinstellungen-Carbonprint-Graphite-K3.pdf,DUPLICATE,iccprofileinstellungencarbonprintgraphitek3pdf,,
/mnt/h/_ICC_Profiles/ICC-Carbonprint-Graphite-K3-Hahnemuehle/ICC-Profileinstellungen-Carbonprint-Graphite-K3.pdf,ICC-Profileinstellungen-Carbonprint-Graphite-K3.pdf,DUPLICATE,iccprofileinstellungencarbonprintgraphitek3pdf,,
/mnt/h/_ICC_Profiles/ICC-Carbonprint-Graphite-K3-Hahnemuehle/__MACOSX/._ICC-Profileinstellungen-Carbonprint-Graphite-K3.pdf,._ICC-Profileinstellungen-Carbonprint-Graphite-K3.pdf,DUPLICATE,iccprofileinstellungencarbonprintgraphitek3pdf,,
/mnt/h/_ICC_Profiles/ICC-Carbonprint-Museum-K3-Hahnemuehle/ICC-Profileinstellungen-Carbonprint-Museum-K3.pdf,ICC-Profileinstellungen-Carbonprint-Museum-K3.pdf,DUPLICATE,iccprofileinstellungencarbonprintmuseumk3pdf,,
/mnt/h/_ICC_Profiles/ICC-Carbonprint-Museum-K3-Hahnemuehle/__MACOSX/._ICC-Profileinstellungen-Carbonprint-Museum-K3.pdf,._ICC-Profileinstellungen-Carbonprint-Museum-K3.pdf,DUPLICATE,iccprofileinstellungencarbonprintmuseumk3pdf,,
/mnt/h/_ICC_Profiles/Papers/ICC_White_Paper1_revised-Feb2012.pdf,ICC_White_Paper1_revised-Feb2012.pdf,DUPLICATE,iccwhitepaper1revisedfeb2012pdf,,
/mnt/h/_ICC_Profiles/Papers/ICC_White_Paper27_Evaluating_Color_Transforms_in_ICC_profiles.pdf,ICC_White_Paper27_Evaluating_Color_Transforms_in_ICC_profiles.pdf,UNIQUE,iccwhitepaper27evaluatingcolortransformsiniccprofilespdf,,
/mnt/h/_ICC_Profiles/Papers/ICC_White_Paper42_Using_the_sRGB_ICC_v4_appearance_profile_2014.pdf,ICC_White_Paper42_Using_the_sRGB_ICC_v4_appearance_profile_2014.pdf,DUPLICATE,iccwhitepaper42usingthesrgbiccv4appearanceprofile2014pdf,,
/mnt/h/_ICC_Profiles/Papers/ICC_White_Paper_26_Using_the_V4_sRGB_ICC_profile.pdf,ICC_White_Paper_26_Using_the_V4_sRGB_ICC_profile.pdf,DUPLICATE,iccwhitepaper26usingthev4srgbiccprofilepdf,,
/mnt/h/_ICC_Profiles/Papers/ICC_White_Paper_31_Flexible_colour_management_for_graphic_arts.pdf,ICC_White_Paper_31_Flexible_colour_management_for_graphic_arts.pdf,UNIQUE,iccwhitepaper31flexiblecolourmanagementforgraphicartspdf,,
/mnt/h/_ICC_Profiles/Papers/ICC_white_paper_2_Perceptual_rendering_use_cases.pdf,ICC_white_paper_2_Perceptual_rendering_use_cases.pdf,DUPLICATE,iccwhitepaper2perceptualrenderingusecasespdf,,
/mnt/h/_ICC_Profiles/Papers/ICC_white_paper_9_workflow.pdf,ICC_white_paper_9_workflow.pdf,DUPLICATE,iccwhitepaper9workflowpdf,,
/mnt/h/_ICC_Profiles/RR-Canon-Pro-1000-All-Profiles/profile-instructions-all-canon-pro-1000.pdf,profile-instructions-all-canon-pro-1000.pdf,DUPLICATE,profileinstructionsallcanonpro1000pdf,,
/mnt/h/_ICC_Profiles/Red River/Papier-permanent-pour-registres-d-actes-et-deliberations.pdf,Papier-permanent-pour-registres-d-actes-et-deliberations.pdf,UNIQUE,papierpermanentpourregistresdactesetdeliberationspdf,,
/mnt/h/_ICC_Profiles/Red River/profile-instructions-all-canon-pro-1000.pdf,profile-instructions-all-canon-pro-1000.pdf,DUPLICATE,profileinstructionsallcanonpro1000pdf,,
/mnt/h/amar_guillen_le_guide_pour_bien_choisir_une_photo_d_art.pdf,amar_guillen_le_guide_pour_bien_choisir_une_photo_d_art.pdf,UNIQUE,amarguillenleguidepourbienchoisirunephotodartpdf,,
/mnt/h/applsci-10-03564-v2.pdf,applsci-10-03564-v2.pdf,UNIQUE,applsci1003564v2pdf,,
/mnt/h/bfx_invoice_2000986761.pdf,bfx_invoice_2000986761.pdf,UNIQUE,bfxinvoice2000986761pdf,,
/mnt/h/bfx_invoice_2001141494.pdf,bfx_invoice_2001141494.pdf,UNIQUE,bfxinvoice2001141494pdf,,
/mnt/h/cession-de-droits-pro-2015 (1).pdf,cession-de-droits-pro-2015 (1).pdf,UNIQUE,cessiondedroitspro20151pdf,,
/mnt/h/cession-de-droits-pro-2015.pdf,cession-de-droits-pro-2015.pdf,UNIQUE,cessiondedroitspro2015pdf,,
/mnt/h/cube-lut-specification-1.0.pdf,cube-lut-specification-1.0.pdf,DUPLICATE,cubelutspecification10pdf,,
/mnt/h/darktable_user_manual.pdf,darktable_user_manual.pdf,UNIQUE,darktableusermanualpdf,,
/mnt/h/dng_sdk_1_6/dng_sdk/documents/DNG_Spec_1_6_0_0.pdf,DNG_Spec_1_6_0_0.pdf,UNIQUE,dngspec1600pdf,,
/mnt/h/dng_sdk_1_6/dng_sdk/documents/dng_validate.pdf,dng_validate.pdf,DUPLICATE,dngvalidatepdf,,
/mnt/h/dng_sdk_1_7/DNG_Spec_1_7_0_0.pdf,DNG_Spec_1_7_0_0.pdf,UNIQUE,dngspec1700pdf,,
/mnt/h/dng_sdk_1_7/Getting Started with DNG 1.7.pdf,Getting Started with DNG 1.7.pdf,UNIQUE,gettingstartedwithdng17pdf,,
/mnt/h/dng_sdk_1_7/dng_sdk/documents/dng_validate.pdf,dng_validate.pdf,DUPLICATE,dngvalidatepdf,,
/mnt/h/dng_sdk_1_7/libjxl/libjxl/third_party/brotli/docs/brotli-comparison-study-2015-09-22.pdf,brotli-comparison-study-2015-09-22.pdf,UNIQUE,brotlicomparisonstudy20150922pdf,,
/mnt/h/fd-s2w_ver160r1_win_mul/InstallGuide.pdf,InstallGuide.pdf,UNIQUE,installguidepdf,,
/mnt/h/guide_autoedition_quebec.pdf,guide_autoedition_quebec.pdf,UNIQUE,guideautoeditionquebecpdf,,
/mnt/h/guide_technique_extranet.pdf,guide_technique_extranet.pdf,UNIQUE,guidetechniqueextranetpdf,,
/mnt/h/i1_profiler_Light_measurement.pdf,i1_profiler_Light_measurement.pdf,DUPLICATE,i1profilerlightmeasurementpdf,,
/mnt/h/icc32.pdf,icc32.pdf,DUPLICATE,icc32pdf,,
/mnt/h/ie_resolution_x64/doc/IE-Resolution User's guide.pdf,IE-Resolution User's guide.pdf,UNIQUE,ieresolutionusersguidepdf,,
/mnt/h/interesting.pdf,interesting.pdf,UNIQUE,interestingpdf,,
/mnt/h/ipcourse.pdf,ipcourse.pdf,UNIQUE,ipcoursepdf,,
/mnt/h/lcms2-2.12/doc/LittleCMS2.12 API.pdf,LittleCMS2.12 API.pdf,UNIQUE,littlecms212apipdf,,
/mnt/h/lcms2-2.12/doc/LittleCMS2.12 Plugin API.pdf,LittleCMS2.12 Plugin API.pdf,UNIQUE,littlecms212pluginapipdf,,
/mnt/h/lcms2-2.12/doc/LittleCMS2.12 tutorial.pdf,LittleCMS2.12 tutorial.pdf,UNIQUE,littlecms212tutorialpdf,,
/mnt/h/lcms2-2.12/plugins/fast_float/doc/LittleCMS floating point extensions 1.4.pdf,LittleCMS floating point extensions 1.4.pdf,UNIQUE,littlecmsfloatingpointextensions14pdf,,
/mnt/h/lcms2-2.16/doc/LittleCMS2.16 API.pdf,LittleCMS2.16 API.pdf,UNIQUE,littlecms216apipdf,,
/mnt/h/lcms2-2.16/doc/LittleCMS2.16 Plugin API.pdf,LittleCMS2.16 Plugin API.pdf,UNIQUE,littlecms216pluginapipdf,,
/mnt/h/lcms2-2.16/doc/LittleCMS2.16 tutorial.pdf,LittleCMS2.16 tutorial.pdf,UNIQUE,littlecms216tutorialpdf,,
/mnt/h/lcms2-2.16/plugins/fast_float/doc/LittleCMS floating point extensions 1.5.pdf,LittleCMS floating point extensions 1.5.pdf,UNIQUE,littlecmsfloatingpointextensions15pdf,,
/mnt/h/lcms2-2.16/plugins/threaded/doc/LittleCMS threaded extensions 1.0.pdf,LittleCMS threaded extensions 1.0.pdf,UNIQUE,littlecmsthreadedextensions10pdf,,
/mnt/h/lecture-11-camera-isp.pdf,lecture-11-camera-isp.pdf,UNIQUE,lecture11cameraisppdf,,
/mnt/h/libxml2/doc/tutorial/xmltutorial.pdf,xmltutorial.pdf,UNIQUE,xmltutorialpdf,,
/mnt/h/licence_publications_gratuites.pdf,licence_publications_gratuites.pdf,UNIQUE,licencepublicationsgratuitespdf,,
/mnt/h/lumenzia-v11-4-1/v11 (UXP - requires PS v24 or later)/How to Install UXP (v10 and later).pdf,How to Install UXP (v10 and later).pdf,DUPLICATE,howtoinstalluxpv10andlaterpdf,,
/mnt/h/lumenzia-v11-4-1/v9-2-3 (requires PS v13 or later - supports CS6 and legacy CC)/Basics Button Reference (v9).pdf,Basics Button Reference (v9).pdf,DUPLICATE,basicsbuttonreferencev9pdf,,
/mnt/h/lumenzia-v11-4-1/v9-2-3 (requires PS v13 or later - supports CS6 and legacy CC)/Basics User Guide (v9).pdf,Basics User Guide (v9).pdf,DUPLICATE,basicsuserguidev9pdf,,
/mnt/h/lumenzia-v11-4-1/v9-2-3 (requires PS v13 or later - supports CS6 and legacy CC)/How to Install (v9).pdf,How to Install (v9).pdf,DUPLICATE,howtoinstallv9pdf,,
/mnt/h/lumenzia-v11-4-1/v9-2-3 (requires PS v13 or later - supports CS6 and legacy CC)/Lumenzia Button Reference (v9).pdf,Lumenzia Button Reference (v9).pdf,DUPLICATE,lumenziabuttonreferencev9pdf,,
/mnt/h/lumenzia-v11-4-1/v9-2-3 (requires PS v13 or later - supports CS6 and legacy CC)/Lumenzia User Guide (v9).pdf,Lumenzia User Guide (v9).pdf,DUPLICATE,lumenziauserguidev9pdf,,
/mnt/h/lumenzia-v11-7-2/v11 (UXP - requires PS v24 or later)/How to Install UXP (v10 and later).pdf,How to Install UXP (v10 and later).pdf,DUPLICATE,howtoinstalluxpv10andlaterpdf,,
/mnt/h/lumenzia-v11-7-2/v9-2-3 (requires PS v13 or later - supports CS6 and legacy CC)/Basics Button Reference (v9).pdf,Basics Button Reference (v9).pdf,DUPLICATE,basicsbuttonreferencev9pdf,,
/mnt/h/lumenzia-v11-7-2/v9-2-3 (requires PS v13 or later - supports CS6 and legacy CC)/Basics User Guide (v9).pdf,Basics User Guide (v9).pdf,DUPLICATE,basicsuserguidev9pdf,,
/mnt/h/lumenzia-v11-7-2/v9-2-3 (requires PS v13 or later - supports CS6 and legacy CC)/How to Install (v9).pdf,How to Install (v9).pdf,DUPLICATE,howtoinstallv9pdf,,
/mnt/h/lumenzia-v11-7-2/v9-2-3 (requires PS v13 or later - supports CS6 and legacy CC)/Lumenzia Button Reference (v9).pdf,Lumenzia Button Reference (v9).pdf,DUPLICATE,lumenziabuttonreferencev9pdf,,
/mnt/h/lumenzia-v11-7-2/v9-2-3 (requires PS v13 or later - supports CS6 and legacy CC)/Lumenzia User Guide (v9).pdf,Lumenzia User Guide (v9).pdf,DUPLICATE,lumenziauserguidev9pdf,,
/mnt/h/lumenzia-v11-7-4/v11 (UXP - requires PS v24 or later)/How to Install UXP (v10 and later).pdf,How to Install UXP (v10 and later).pdf,DUPLICATE,howtoinstalluxpv10andlaterpdf,,
/mnt/h/lumenzia-v11-7-4/v9-2-3 (requires PS v13 or later - supports CS6 and legacy CC)/Basics Button Reference (v9).pdf,Basics Button Reference (v9).pdf,DUPLICATE,basicsbuttonreferencev9pdf,,
/mnt/h/lumenzia-v11-7-4/v9-2-3 (requires PS v13 or later - supports CS6 and legacy CC)/Basics User Guide (v9).pdf,Basics User Guide (v9).pdf,DUPLICATE,basicsuserguidev9pdf,,
/mnt/h/lumenzia-v11-7-4/v9-2-3 (requires PS v13 or later - supports CS6 and legacy CC)/How to Install (v9).pdf,How to Install (v9).pdf,DUPLICATE,howtoinstallv9pdf,,
/mnt/h/lumenzia-v11-7-4/v9-2-3 (requires PS v13 or later - supports CS6 and legacy CC)/Lumenzia Button Reference (v9).pdf,Lumenzia Button Reference (v9).pdf,DUPLICATE,lumenziabuttonreferencev9pdf,,
/mnt/h/lumenzia-v11-7-4/v9-2-3 (requires PS v13 or later - supports CS6 and legacy CC)/Lumenzia User Guide (v9).pdf,Lumenzia User Guide (v9).pdf,DUPLICATE,lumenziauserguidev9pdf,,
/mnt/h/lumenzia/v11 (UXP - requires PS v23 or later)/Basics Button Reference.pdf,Basics Button Reference.pdf,DUPLICATE,basicsbuttonreferencepdf,,
/mnt/h/lumenzia/v11 (UXP - requires PS v23 or later)/Basics User Guide.pdf,Basics User Guide.pdf,DUPLICATE,basicsuserguidepdf,,
/mnt/h/lumenzia/v11 (UXP - requires PS v23 or later)/How to Install UXP (v10 and later).pdf,How to Install UXP (v10 and later).pdf,DUPLICATE,howtoinstalluxpv10andlaterpdf,,
/mnt/h/lumenzia/v11 (UXP - requires PS v23 or later)/Lumenzia Button Reference.pdf,Lumenzia Button Reference.pdf,DUPLICATE,lumenziabuttonreferencepdf,,
/mnt/h/lumenzia/v11 (UXP - requires PS v23 or later)/Lumenzia User Guide.pdf,Lumenzia User Guide.pdf,DUPLICATE,lumenziauserguidepdf,,
/mnt/h/lustre_color_management_user_guide_3DLUT.pdf,lustre_color_management_user_guide_3DLUT.pdf,UNIQUE,lustrecolormanagementuserguide3dlutpdf,,
/mnt/h/macrium_reflect_v8.0_user_guide.pdf,macrium_reflect_v8.0_user_guide.pdf,UNIQUE,macriumreflectv80userguidepdf,,
/mnt/h/main_certificate-authenticity-template.pdf,main_certificate-authenticity-template.pdf,UNIQUE,maincertificateauthenticitytemplatepdf,,
/mnt/h/mit_ver120r2_win/MYIROtoolsInstallGuide_multi.pdf,MYIROtoolsInstallGuide_multi.pdf,UNIQUE,myirotoolsinstallguidemultipdf,,
/mnt/h/mtfmapper_sample_test_charts_0.5_v5/focus_a0.pdf,focus_a0.pdf,UNIQUE,focusa0pdf,,
/mnt/h/mtfmapper_sample_test_charts_0.5_v5/focus_a1.pdf,focus_a1.pdf,UNIQUE,focusa1pdf,,
/mnt/h/mtfmapper_sample_test_charts_0.5_v5/focus_a2.pdf,focus_a2.pdf,UNIQUE,focusa2pdf,,
/mnt/h/mtfmapper_sample_test_charts_0.5_v5/focus_a3.pdf,focus_a3.pdf,UNIQUE,focusa3pdf,,
/mnt/h/mtfmapper_sample_test_charts_0.5_v5/focus_a4.pdf,focus_a4.pdf,UNIQUE,focusa4pdf,,
/mnt/h/mtfmapper_sample_test_charts_0.5_v5/grid_a0.pdf,grid_a0.pdf,UNIQUE,grida0pdf,,
/mnt/h/mtfmapper_sample_test_charts_0.5_v5/grid_a1.pdf,grid_a1.pdf,UNIQUE,grida1pdf,,
/mnt/h/mtfmapper_sample_test_charts_0.5_v5/grid_a2.pdf,grid_a2.pdf,UNIQUE,grida2pdf,,
/mnt/h/mtfmapper_sample_test_charts_0.5_v5/grid_a3.pdf,grid_a3.pdf,UNIQUE,grida3pdf,,
/mnt/h/mtfmapper_sample_test_charts_0.5_v5/grid_a4.pdf,grid_a4.pdf,UNIQUE,grida4pdf,,
/mnt/h/mtfmapper_sample_test_charts_0.5_v5/lensgrid_a0.pdf,lensgrid_a0.pdf,UNIQUE,lensgrida0pdf,,
/mnt/h/mtfmapper_sample_test_charts_0.5_v5/lensgrid_a1.pdf,lensgrid_a1.pdf,UNIQUE,lensgrida1pdf,,
/mnt/h/mtfmapper_sample_test_charts_0.5_v5/lensgrid_a2.pdf,lensgrid_a2.pdf,UNIQUE,lensgrida2pdf,,
/mnt/h/mtfmapper_sample_test_charts_0.5_v5/lensgrid_a3.pdf,lensgrid_a3.pdf,UNIQUE,lensgrida3pdf,,
/mnt/h/mtfmapper_sample_test_charts_0.5_v5/lensgrid_a4.pdf,lensgrid_a4.pdf,UNIQUE,lensgrida4pdf,,
/mnt/h/mtfmapper_sample_test_charts_0.5_v5/mfperspective_a3.pdf,mfperspective_a3.pdf,UNIQUE,mfperspectivea3pdf,,
/mnt/h/mtfmapper_sample_test_charts_0.5_v5/perspective_a0_distance_1500.pdf,perspective_a0_distance_1500.pdf,UNIQUE,perspectivea0distance1500pdf,,
/mnt/h/mtfmapper_sample_test_charts_0.5_v5/perspective_a0_distance_2000.pdf,perspective_a0_distance_2000.pdf,UNIQUE,perspectivea0distance2000pdf,,
/mnt/h/mtfmapper_sample_test_charts_0.5_v5/perspective_a0_distance_2500.pdf,perspective_a0_distance_2500.pdf,UNIQUE,perspectivea0distance2500pdf,,
/mnt/h/mtfmapper_sample_test_charts_0.5_v5/perspective_a1_distance_1500.pdf,perspective_a1_distance_1500.pdf,UNIQUE,perspectivea1distance1500pdf,,
/mnt/h/mtfmapper_sample_test_charts_0.5_v5/perspective_a1_distance_2000.pdf,perspective_a1_distance_2000.pdf,UNIQUE,perspectivea1distance2000pdf,,
/mnt/h/mtfmapper_sample_test_charts_0.5_v5/perspective_a1_distance_2500.pdf,perspective_a1_distance_2500.pdf,UNIQUE,perspectivea1distance2500pdf,,
/mnt/h/mtfmapper_sample_test_charts_0.5_v5/perspective_a2_distance_1500.pdf,perspective_a2_distance_1500.pdf,UNIQUE,perspectivea2distance1500pdf,,
/mnt/h/mtfmapper_sample_test_charts_0.5_v5/perspective_a2_distance_2000.pdf,perspective_a2_distance_2000.pdf,UNIQUE,perspectivea2distance2000pdf,,
/mnt/h/mtfmapper_sample_test_charts_0.5_v5/perspective_a2_distance_2500.pdf,perspective_a2_distance_2500.pdf,UNIQUE,perspectivea2distance2500pdf,,
/mnt/h/mtfmapper_sample_test_charts_0.5_v5/perspective_a3_distance_1500.pdf,perspective_a3_distance_1500.pdf,UNIQUE,perspectivea3distance1500pdf,,
/mnt/h/mtfmapper_sample_test_charts_0.5_v5/perspective_a3_distance_2000.pdf,perspective_a3_distance_2000.pdf,UNIQUE,perspectivea3distance2000pdf,,
/mnt/h/mtfmapper_sample_test_charts_0.5_v5/perspective_a3_distance_2500.pdf,perspective_a3_distance_2500.pdf,UNIQUE,perspectivea3distance2500pdf,,
/mnt/h/mtfmapper_sample_test_charts_0.5_v5/perspective_a4_distance_1500.pdf,perspective_a4_distance_1500.pdf,UNIQUE,perspectivea4distance1500pdf,,
/mnt/h/mtfmapper_sample_test_charts_0.5_v5/perspective_a4_distance_2000.pdf,perspective_a4_distance_2000.pdf,UNIQUE,perspectivea4distance2000pdf,,
/mnt/h/mtfmapper_sample_test_charts_0.5_v5/perspective_a4_distance_2500.pdf,perspective_a4_distance_2500.pdf,UNIQUE,perspectivea4distance2500pdf,,
/mnt/h/myct1_ver110r1_win/my-ct1_install_multi.pdf,my-ct1_install_multi.pdf,UNIQUE,myct1installmultipdf,,
/mnt/h/photopills-dof-en.pdf,photopills-dof-en.pdf,UNIQUE,photopillsdofenpdf,,
/mnt/h/photoshop-cc-javascript-ref.pdf,photoshop-cc-javascript-ref.pdf,UNIQUE,photoshopccjavascriptrefpdf,,
/mnt/h/photoshop-cc-vbs-ref.pdf,photoshop-cc-vbs-ref.pdf,UNIQUE,photoshopccvbsrefpdf,,
/mnt/h/proper_exposure_(greg_benz) (1).pdf,proper_exposure_(greg_benz) (1).pdf,DUPLICATE,properexposuregregbenz1pdf,,
/mnt/h/proper_exposure_(greg_benz) (2).pdf,proper_exposure_(greg_benz) (2).pdf,UNIQUE,properexposuregregbenz2pdf,,
/mnt/h/proper_exposure_(greg_benz).pdf,proper_exposure_(greg_benz).pdf,UNIQUE,properexposuregregbenzpdf,,
/mnt/h/qtr.pdf,qtr.pdf,UNIQUE,qtrpdf,,
/mnt/h/reveries_affinity_layout.pdf,reveries_affinity_layout.pdf,UNIQUE,reveriesaffinitylayoutpdf,,
/mnt/h/reveries_fixed_layout.pdf,reveries_fixed_layout.pdf,UNIQUE,reveriesfixedlayoutpdf,,
/mnt/h/reveries_layout.pdf,reveries_layout.pdf,UNIQUE,reverieslayoutpdf,,
/mnt/h/reveries_perfect_layout.pdf,reveries_perfect_layout.pdf,UNIQUE,reveriesperfectlayoutpdf,,
/mnt/h/rr-epson-p700-profiles-all/EMY Media Files/Epson-Media-Installer-Files-Instructions.pdf,Epson-Media-Installer-Files-Instructions.pdf,UNIQUE,epsonmediainstallerfilesinstructionspdf,,
/mnt/h/rr-epson-p700-profiles-all/profile-instructions-all-epson-p700.pdf,profile-instructions-all-epson-p700.pdf,UNIQUE,profileinstructionsallepsonp700pdf,,
/mnt/h/st2065-1-2021.pdf,st2065-1-2021.pdf,UNIQUE,st206512021pdf,,
/mnt/h/tektronix-j16_application.pdf,tektronix-j16_application.pdf,UNIQUE,tektronixj16applicationpdf,,
/mnt/h/unrolling_rolls.pdf,unrolling_rolls.pdf,UNIQUE,unrollingrollspdf,,
/mnt/h/v10 (UXP - requires PS v23 or later)/Basics Button Reference.pdf,Basics Button Reference.pdf,DUPLICATE,basicsbuttonreferencepdf,,
/mnt/h/v10 (UXP - requires PS v23 or later)/Basics User Guide.pdf,Basics User Guide.pdf,DUPLICATE,basicsuserguidepdf,,
/mnt/h/v10 (UXP - requires PS v23 or later)/How to Install UXP (v10 and later).pdf,How to Install UXP (v10 and later).pdf,DUPLICATE,howtoinstalluxpv10andlaterpdf,,
/mnt/h/v10 (UXP - requires PS v23 or later)/Lumenzia Button Reference.pdf,Lumenzia Button Reference.pdf,DUPLICATE,lumenziabuttonreferencepdf,,
/mnt/h/v10 (UXP - requires PS v23 or later)/Lumenzia User Guide.pdf,Lumenzia User Guide.pdf,DUPLICATE,lumenziauserguidepdf,,
/mnt/h/v10 UXP beta (requires PS v23.0 or later)/Basics Button Reference.pdf,Basics Button Reference.pdf,DUPLICATE,basicsbuttonreferencepdf,,
/mnt/h/v10 UXP beta (requires PS v23.0 or later)/Basics User Guide.pdf,Basics User Guide.pdf,DUPLICATE,basicsuserguidepdf,,
/mnt/h/v10 UXP beta (requires PS v23.0 or later)/How to Install UXP.pdf,How to Install UXP.pdf,DUPLICATE,howtoinstalluxppdf,,
/mnt/h/v10 UXP beta (requires PS v23.0 or later)/Lumenzia Button Reference.pdf,Lumenzia Button Reference.pdf,DUPLICATE,lumenziabuttonreferencepdf,,
/mnt/h/v10 UXP beta (requires PS v23.0 or later)/Lumenzia User Guide.pdf,Lumenzia User Guide.pdf,DUPLICATE,lumenziauserguidepdf,,
/mnt/h/v10-0-0 UXP beta (requires PS v23.0 or later)/Basics Button Reference.pdf,Basics Button Reference.pdf,DUPLICATE,basicsbuttonreferencepdf,,
/mnt/h/v10-0-0 UXP beta (requires PS v23.0 or later)/Basics User Guide.pdf,Basics User Guide.pdf,DUPLICATE,basicsuserguidepdf,,
/mnt/h/v10-0-0 UXP beta (requires PS v23.0 or later)/How to Install UXP.pdf,How to Install UXP.pdf,DUPLICATE,howtoinstalluxppdf,,
/mnt/h/v10-0-0 UXP beta (requires PS v23.0 or later)/Lumenzia Button Reference.pdf,Lumenzia Button Reference.pdf,DUPLICATE,lumenziabuttonreferencepdf,,
/mnt/h/v10-0-0 UXP beta (requires PS v23.0 or later)/Lumenzia User Guide.pdf,Lumenzia User Guide.pdf,DUPLICATE,lumenziauserguidepdf,,
/mnt/h/v11 (UXP - requires PS v23 or later)/How to Install UXP (v10 and later).pdf,How to Install UXP (v10 and later).pdf,DUPLICATE,howtoinstalluxpv10andlaterpdf,,
/mnt/h/v11 (UXP - requires PS v24 or later)/How to Install UXP (v10 and later).pdf,How to Install UXP (v10 and later).pdf,DUPLICATE,howtoinstalluxpv10andlaterpdf,,
/mnt/h/v9-2-3 (requires PS v13 or later - supports CS6 and legacy CC)/Basics Button Reference (v9).pdf,Basics Button Reference (v9).pdf,DUPLICATE,basicsbuttonreferencev9pdf,,
/mnt/h/v9-2-3 (requires PS v13 or later - supports CS6 and legacy CC)/Basics User Guide (v9).pdf,Basics User Guide (v9).pdf,DUPLICATE,basicsuserguidev9pdf,,
/mnt/h/v9-2-3 (requires PS v13 or later - supports CS6 and legacy CC)/How to Install (v9).pdf,How to Install (v9).pdf,DUPLICATE,howtoinstallv9pdf,,
/mnt/h/v9-2-3 (requires PS v13 or later - supports CS6 and legacy CC)/Lumenzia Button Reference (v9).pdf,Lumenzia Button Reference (v9).pdf,DUPLICATE,lumenziabuttonreferencev9pdf,,
/mnt/h/v9-2-3 (requires PS v13 or later - supports CS6 and legacy CC)/Lumenzia User Guide (v9).pdf,Lumenzia User Guide (v9).pdf,DUPLICATE,lumenziauserguidev9pdf,,
/mnt/h/v9.2.2 (requires PS v13 or later - supports CS6 and legacy CC)/Basics Button Reference.pdf,Basics Button Reference.pdf,DUPLICATE,basicsbuttonreferencepdf,,
/mnt/h/v9.2.2 (requires PS v13 or later - supports CS6 and legacy CC)/Basics User Guide.pdf,Basics User Guide.pdf,DUPLICATE,basicsuserguidepdf,,
/mnt/h/v9.2.2 (requires PS v13 or later - supports CS6 and legacy CC)/How to Install.pdf,How to Install.pdf,UNIQUE,howtoinstallpdf,,
/mnt/h/v9.2.2 (requires PS v13 or later - supports CS6 and legacy CC)/Lumenzia Button Reference.pdf,Lumenzia Button Reference.pdf,DUPLICATE,lumenziabuttonreferencepdf,,
/mnt/h/v9.2.2 (requires PS v13 or later - supports CS6 and legacy CC)/Lumenzia User Guide.pdf,Lumenzia User Guide.pdf,DUPLICATE,lumenziauserguidepdf,,
/mnt/h/vaccination_proof.pdf,vaccination_proof.pdf,UNIQUE,vaccinationproofpdf,,
/mnt/h/wg6.pdf,wg6.pdf,UNIQUE,wg6pdf,,
/mnt/h/win_palette_master_element_1.3.20_20230821/Release Note_PME_Win.pdf,Release Note_PME_Win.pdf,DUPLICATE,releasenotepmewinpdf,,
